Record_ID,State,District,Year,Season,Crop,Area_Hectares,Production_Tonnes,Yield_Tonnes_Per_Hectare,Rainfall_mm,Temperature_C,Humidity_Percentage,Soil_Type,Irrigation_Type,Fertilizer_Used_kg,Pesticide_Used_kg,Farmer_Category,Organic_Farming,Labor_Count,Market_Price_per_Tonne,Production_Cost,Revenue,Profit,Crop_Quality,Region
1,Telangana,Hyderabad,2018,Rabi,Potato,123.2,1817.2,14.75,2247.9,29.1,67.2,Black,Canal,6544.06,438.5,Medium,No,12,1135.62,6588276.64,2063648.66,-4524627.98,Average,South
2,Odisha,Bhubaneswar,2020,Rabi,Potato,170.79,4495.19,26.32,1076.1,13.2,27.7,Alluvial,Tube Well,13156.45,252.42,Small,Yes,4,956.8,10052561.74,4300997.79,-5751563.95,Average,East
3,Rajasthan,Bikaner,2021,Rabi,Potato,23.87,423.93,17.76,331.4,18.1,28.1,Alluvial,Rain-fed,3079.13,119.66,Small,No,3,1361.46,1444288.48,577163.74,-867124.74,Good,North
4,Telangana,Warangal,2021,Rabi,Maize,190.35,925.1,4.86,1715.2,34.0,87.4,Black,Drip,29514.22,1876.0,Small,Yes,5,2032.02,5172978.5,1879821.7,-3293156.8,Excellent,South
5,Assam,Jorhat,2020,Whole Year,Sugarcane,124.07,8111.7,65.38,1795.3,41.4,52.0,Red,Drip,13813.17,248.14,Small,Yes,2,407.5,7759475.3,3305517.75,-4453957.55,Average,Northeast
6,Karnataka,Mangaluru,2022,Kharif,Jowar,340.46,612.83,1.8,2277.5,36.9,47.2,Alluvial,Rain-fed,21156.89,352.61,Medium,No,12,2033.37,5133053.03,1246110.14,-3886942.89,Excellent,South
7,Telangana,Nizamabad,2021,Rabi,Maize,381.49,1823.52,4.78,1638.0,10.0,45.9,Black,Canal,64881.46,4068.95,Medium,No,4,1444.52,9896994.01,2634111.11,-7262882.9,Excellent,South
8,West Bengal,Siliguri,2019,Rabi,Onion,65.07,1236.98,19.01,868.7,40.5,53.9,Red,Tube Well,9483.11,558.86,Medium,No,9,1469.53,3119416.5,1817779.22,-1301637.28,Excellent,East
9,Madhya Pradesh,Indore,2023,Kharif,Rice,294.63,945.76,3.21,270.7,12.4,22.5,Alluvial,Canal,32993.21,1197.16,Small,No,5,1903.35,8797635.55,1800112.3,-6997523.25,Good,Central
10,Gujarat,Surat,2019,Rabi,Wheat,177.79,776.94,4.37,257.1,32.9,71.7,Black,Rain-fed,25237.27,1743.5,Small,No,5,2069.17,4905914.06,1607620.94,-3298293.12,Excellent,West
11,Madhya Pradesh,Indore,2025,Rabi,Onion,26.24,689.85,26.29,2910.1,42.4,87.9,Red,Rain-fed,2833.65,87.94,Small,Yes,4,1018.43,1526195.86,702563.94,-823631.92,Good,Central
12,Maharashtra,Aurangabad,2025,Kharif,Maize,149.06,684.19,4.59,1672.4,36.2,24.6,Sandy,Rain-fed,16456.08,1547.23,Small,No,1,1810.81,2826073.06,1238938.09,-1587134.97,Excellent,West
13,Odisha,Cuttack,2024,Rabi,Wheat,289.88,672.52,2.32,2006.4,29.8,45.3,Alluvial,Drip,38774.82,1291.71,Small,Yes,3,2563.46,10680111.79,1723978.12,-8956133.67,Excellent,East
14,Andhra Pradesh,Kurnool,2019,Rabi,Wheat,253.44,745.11,2.94,299.5,18.5,42.8,Laterite,Tube Well,35100.32,1958.7,Large,No,10,2200.72,7598851.24,1639778.48,-5959072.76,Poor,South
15,Haryana,Hisar,2022,Rabi,Wheat,371.47,1047.55,2.82,710.8,22.0,75.0,Alluvial,Tube Well,40265.29,4070.83,Medium,Yes,10,2432.75,9659712.45,2548427.26,-7111285.19,Good,North
16,Maharashtra,Nagpur,2025,Rabi,Jowar,280.89,528.07,1.88,2104.0,15.2,22.9,Alluvial,Tube Well,32963.43,1608.84,Small,No,1,2129.25,3398983.99,1124393.05,-2274590.94,Excellent,West
17,Haryana,Rohtak,2024,Rabi,Barley,462.96,958.33,2.07,2419.7,16.2,53.0,Red,Sprinkler,69228.31,2559.63,Medium,No,7,1633.4,10589629.03,1565336.22,-9024292.81,Good,North
18,Odisha,Bhubaneswar,2025,Kharif,Cotton,408.48,183.82,0.45,2406.5,18.0,21.9,Red,Rain-fed,35111.58,4292.26,Large,No,30,6018.81,19193639.02,1106377.65,-18087261.37,Poor,East
19,Rajasthan,Jaipur,2019,Rabi,Mustard,90.11,129.76,1.44,414.4,25.2,78.3,Alluvial,Rain-fed,11251.97,597.04,Small,No,3,4053.26,1654471.43,525951.02,-1128520.41,Average,North
20,Bihar,Darbhanga,2021,Kharif,Soybean,35.92,52.8,1.47,1010.4,39.7,77.6,Alluvial,Tube Well,2992.13,197.28,Small,No,2,3691.84,849295.45,194929.15,-654366.3,Average,East
21,West Bengal,Howrah,2022,Kharif,Groundnut,152.63,303.73,1.99,1859.3,21.3,55.3,Clay,Drip,17028.07,1485.26,Large,No,12,4925.68,4572460.17,1496076.79,-3076383.38,Good,East
22,Haryana,Hisar,2022,Kharif,Cotton,74.53,50.68,0.68,1872.7,36.9,56.4,Clay,Tube Well,5009.98,645.42,Small,No,1,6785.32,3839115.88,343880.02,-3495235.86,Average,North
23,Bihar,Muzaffarpur,2021,Rabi,Maize,26.06,119.88,4.6,1423.7,38.0,73.4,Sandy,Tube Well,2200.03,242.56,Small,No,5,1556.04,799936.88,186538.08,-613398.8,Good,East
24,Uttar Pradesh,Agra,2025,Whole Year,Sugarcane,420.09,32233.51,76.73,1505.3,18.4,55.2,Clay,Sprinkler,30594.78,1972.04,Large,Yes,14,360.36,37075784.69,11615667.66,-25460117.03,Excellent,North
25,Gujarat,Rajkot,2025,Kharif,Groundnut,104.21,239.68,2.3,1793.8,34.3,88.5,Sandy,Rain-fed,11127.25,1184.88,Small,No,4,5307.33,3232543.23,1272060.85,-1960482.38,Good,West
26,Assam,Silchar,2025,Kharif,Cotton,218.48,87.39,0.4,2069.5,24.2,33.2,Laterite,Drip,38736.74,1502.13,Large,No,10,5167.89,8895482.95,451621.91,-8443861.04,Poor,Northeast
27,Uttar Pradesh,Lucknow,2022,Rabi,Groundnut,106.62,216.44,2.03,1199.5,36.3,86.6,Alluvial,Canal,11284.98,985.09,Small,No,2,5475.22,3381826.02,1185056.62,-2196769.4,Average,North
28,Bihar,Patna,2021,Kharif,Cotton,311.05,152.41,0.49,431.7,43.2,57.2,Alluvial,Sprinkler,19748.71,2388.78,Medium,Yes,6,7425.72,9531181.86,1131753.99,-8399427.87,Average,East
29,Telangana,Karimnagar,2024,Rabi,Potato,38.92,1004.14,25.8,395.5,37.0,88.0,Sandy,Canal,5895.28,281.21,Small,No,3,855.17,2312871.5,858710.4,-1454161.1,Excellent,South
30,Gujarat,Vadodara,2019,Rabi,Groundnut,318.16,719.04,2.26,1362.9,35.7,97.2,Alluvial,Tube Well,48725.53,2201.64,Small,No,5,4902.59,10427915.88,3525158.31,-6902757.57,Good,West
31,Haryana,Rohtak,2025,Kharif,Cotton,285.35,139.82,0.49,1533.5,21.4,59.0,Alluvial,Sprinkler,25010.2,3048.54,Medium,No,4,6033.25,9923448.76,843569.02,-9079879.74,Good,North
32,Gujarat,Vadodara,2021,Rabi,Potato,323.31,8671.17,26.82,369.9,17.8,75.3,Alluvial,Tube Well,29635.52,2291.69,Small,No,5,1064.63,19749600.94,9231587.72,-10518013.22,Excellent,West
33,Maharashtra,Nagpur,2019,Rabi,Potato,158.46,4975.64,31.4,2101.5,16.7,79.1,Alluvial,Tube Well,28003.84,1072.93,Small,Yes,2,1163.7,7775319.66,5790152.27,-1985167.39,Good,West
34,Uttar Pradesh,Meerut,2018,Whole Year,Rice,349.01,1291.34,3.7,1523.5,40.5,65.9,Laterite,Rain-fed,35482.32,1056.8,Small,No,4,1579.86,9181360.25,2040136.41,-7141223.84,Good,North
35,Andhra Pradesh,Vijayawada,2020,Rabi,Maize,43.51,158.81,3.65,1306.9,30.9,69.5,Sandy,Rain-fed,4484.66,255.4,Large,No,19,1641.18,819868.69,260635.8,-559232.89,Poor,South
36,Haryana,Hisar,2021,Whole Year,Sugarcane,79.37,4126.45,51.99,107.8,25.8,67.5,Alluvial,Canal,5746.92,696.59,Medium,No,7,372.39,7263396.42,1536648.72,-5726747.7,Average,North
37,Telangana,Warangal,2024,Rabi,Wheat,324.17,1601.4,4.94,307.1,15.8,44.6,Clay,Tube Well,54774.02,1890.13,Small,No,4,2365.61,9403685.18,3788287.85,-5615397.33,Excellent,South
38,Haryana,Sirsa,2018,Rabi,Mustard,367.53,389.58,1.06,763.9,33.6,88.8,Sandy,Canal,66133.4,3085.45,Small,Yes,2,5387.61,8512262.32,2098905.1,-6413357.22,Good,North
39,Andhra Pradesh,Nellore,2025,Rabi,Wheat,174.63,670.58,3.84,2587.4,21.5,75.5,Alluvial,Rain-fed,26875.43,1231.33,Small,No,3,1869.55,5920980.8,1253682.84,-4667297.96,Average,South
40,Odisha,Bhubaneswar,2025,Kharif,Groundnut,94.6,193.93,2.05,1913.7,36.6,36.3,Sandy,Drip,16070.1,550.5,Medium,Yes,7,6188.75,1911404.07,1200184.29,-711219.78,Good,East
41,Madhya Pradesh,Indore,2025,Rabi,Wheat,249.69,976.29,3.91,892.9,39.2,98.4,Red,Rain-fed,29257.95,1303.24,Large,No,14,2318.42,6235371.85,2263450.26,-3971921.59,Average,Central
42,Gujarat,Rajkot,2022,Zaid,Tomato,142.14,3736.86,26.29,2996.8,27.1,31.9,Sandy,Rain-fed,12553.43,1005.08,Small,No,3,1830.48,11275555.71,6840247.49,-4435308.22,Good,West
43,Gujarat,Surat,2024,Whole Year,Rice,372.61,1594.77,4.28,1219.6,33.2,85.7,Red,Rain-fed,65234.85,890.06,Large,No,13,2111.93,12596499.94,3368042.61,-9228457.33,Good,West
44,Karnataka,Bengaluru,2020,Kharif,Groundnut,38.34,58.28,1.52,1907.5,23.9,26.4,Alluvial,Tube Well,3573.34,171.89,Medium,No,12,4553.85,806148.77,265398.38,-540750.39,Average,South
45,Assam,Dibrugarh,2021,Rabi,Potato,217.55,4688.2,21.55,2630.5,25.5,75.5,Black,Canal,18581.48,351.85,Small,No,2,1224.93,12395529.5,5742716.83,-6652812.67,Poor,Northeast
46,Uttar Pradesh,Kanpur,2019,Rabi,Barley,310.24,964.85,3.11,515.0,26.1,40.3,Alluvial,Canal,51452.43,1897.98,Small,No,1,1720.86,5725682.79,1660371.77,-4065311.02,Good,North
47,Telangana,Karimnagar,2022,Kharif,Bajra,100.41,167.68,1.67,787.9,30.0,66.0,Clay,Sprinkler,4324.81,1017.19,Small,Yes,1,2333.76,1840353.54,391324.88,-1449028.66,Poor,South
48,Bihar,Gaya,2023,Kharif,Cotton,310.82,217.57,0.7,2011.6,39.3,70.3,Clay,Canal,25875.95,1818.0,Medium,No,5,6819.26,11863370.97,1483666.4,-10379704.57,Excellent,East
49,Madhya Pradesh,Bhopal,2023,Rabi,Jowar,415.41,751.89,1.81,1497.4,38.2,79.7,Alluvial,Canal,43853.34,759.49,Medium,No,10,2177.09,7496437.53,1636932.2,-5859505.33,Good,Central
50,Bihar,Muzaffarpur,2018,Whole Year,Sugarcane,227.94,18827.84,82.6,1795.2,38.8,95.2,Black,Drip,24163.18,1781.35,Large,No,29,302.14,14252787.69,5688643.58,-8564144.11,Good,East
51,Assam,Dibrugarh,2024,Rabi,Wheat,23.63,97.59,4.13,436.7,18.2,63.0,Laterite,Rain-fed,2172.58,270.4,Medium,No,6,2331.25,751164.48,227506.69,-523657.79,Average,Northeast
52,Andhra Pradesh,Nellore,2022,Whole Year,Rice,109.42,279.02,2.55,1151.8,44.3,49.4,Clay,Sprinkler,5304.35,441.48,Large,No,24,1564.17,3199672.37,436434.71,-2763237.66,Average,South
53,Punjab,Ludhiana,2023,Kharif,Cotton,393.7,255.91,0.65,1707.2,30.5,85.0,Red,Sprinkler,58429.65,3809.08,Medium,No,6,6975.05,17128070.63,1784985.05,-15343085.58,Average,North
54,Haryana,Karnal,2020,Whole Year,Rice,395.2,1023.57,2.59,605.3,11.8,79.3,Sandy,Canal,57064.17,2465.54,Medium,No,5,1816.4,11631129.27,1859212.55,-9771916.72,Average,North
55,West Bengal,Asansol,2022,Kharif,Bajra,31.35,49.85,1.59,2089.7,27.2,92.8,Black,Canal,2667.75,82.5,Small,No,5,1729.01,415445.64,86191.15,-329254.49,Poor,East
56,Tamil Nadu,Madurai,2025,Rabi,Jowar,50.49,106.53,2.11,1987.7,36.9,77.7,Red,Rain-fed,5211.46,177.39,Small,No,4,2010.73,662705.66,214203.07,-448502.59,Excellent,South
57,Maharashtra,Nashik,2020,Kharif,Pulses,34.5,25.88,0.75,380.0,35.9,84.9,Sandy,Canal,4212.63,247.62,Small,Yes,3,8895.44,559913.22,230213.99,-329699.23,Poor,West
58,Punjab,Patiala,2022,Kharif,Soybean,289.38,471.69,1.63,750.3,13.8,87.6,Alluvial,Canal,42470.79,2116.84,Medium,No,12,3526.25,7835859.36,1663296.86,-6172562.5,Average,North
59,Maharashtra,Pune,2020,Whole Year,Sugarcane,460.85,27010.42,58.61,515.4,33.0,25.6,Clay,Canal,24354.11,3150.05,Small,No,2,317.01,40952900.07,8562573.24,-32390326.83,Poor,West
60,Andhra Pradesh,Kurnool,2019,Rabi,Mustard,78.63,88.85,1.13,336.6,25.5,53.9,Sandy,Rain-fed,7704.62,265.08,Small,No,1,4339.9,1634313.74,385600.11,-1248713.63,Average,South
61,Telangana,Nizamabad,2018,Kharif,Cotton,492.24,172.28,0.35,2841.4,36.9,81.1,Alluvial,Sprinkler,27958.15,3185.4,Small,Yes,5,7368.78,25022456.81,1269493.42,-23752963.39,Poor,South
62,Haryana,Panipat,2018,Kharif,Groundnut,230.42,294.94,1.28,1344.9,24.2,71.2,Alluvial,Canal,22282.66,2679.37,Small,No,4,5748.04,7787400.19,1695326.92,-6092073.27,Good,North
63,Odisha,Bhubaneswar,2021,Rabi,Groundnut,262.46,372.69,1.42,1084.6,21.7,33.5,Sandy,Canal,29995.16,822.27,Medium,No,6,4854.4,5825736.24,1809186.34,-4016549.9,Good,East
64,Andhra Pradesh,Visakhapatnam,2019,Rabi,Maize,232.51,955.62,4.11,2075.3,40.9,71.4,Sandy,Sprinkler,37432.85,1836.69,Small,Yes,4,2030.15,6110334.11,1940051.94,-4170282.17,Good,South
65,Haryana,Rohtak,2025,Kharif,Bajra,29.39,36.15,1.23,2606.3,39.9,69.2,Sandy,Rain-fed,3079.47,208.59,Medium,No,11,1945.43,461909.9,70327.29,-391582.61,Good,North
66,Andhra Pradesh,Nellore,2020,Whole Year,Rice,52.65,168.48,3.2,2171.5,27.7,33.8,Red,Rain-fed,9410.56,356.16,Medium,No,8,1771.19,2131761.42,298410.09,-1833351.33,Average,South
67,Punjab,Patiala,2019,Kharif,Soybean,279.42,352.07,1.26,2569.5,43.8,68.2,Red,Sprinkler,14365.06,2319.11,Large,No,30,4198.48,5615071.7,1478158.85,-4136912.85,Average,North
68,Haryana,Rohtak,2024,Kharif,Pulses,406.78,573.56,1.41,2242.4,34.0,62.1,Clay,Rain-fed,45229.21,488.35,Small,No,3,7369.17,6859412.85,4226661.15,-2632751.7,Excellent,North
69,Uttar Pradesh,Kanpur,2019,Whole Year,Sugarcane,254.34,20810.1,81.82,1626.9,33.2,90.1,Sandy,Drip,31440.11,685.9,Small,No,5,360.9,16944529.26,7510365.09,-9434164.17,Excellent,North
70,Gujarat,Rajkot,2021,Kharif,Bajra,376.44,553.37,1.47,793.6,43.8,82.7,Red,Sprinkler,50805.45,2738.46,Small,No,4,1701.74,5340406.82,941691.86,-4398714.96,Good,West
71,Madhya Pradesh,Ujjain,2020,Kharif,Tomato,27.04,653.56,24.17,2809.5,34.9,61.3,Black,Sprinkler,1399.12,74.72,Small,No,4,819.23,2078501.89,535415.96,-1543085.93,Poor,Central
72,Assam,Dibrugarh,2018,Kharif,Groundnut,198.83,302.22,1.52,336.7,17.9,45.5,Black,Sprinkler,29982.23,499.78,Small,No,2,5638.26,5375697.5,1703994.94,-3671702.56,Average,Northeast
73,Assam,Guwahati,2018,Whole Year,Sugarcane,417.65,34092.77,81.63,1630.5,13.9,43.0,Alluvial,Canal,19497.96,2346.39,Medium,No,5,363.67,33409146.99,12398517.67,-21010629.32,Good,Northeast
74,Telangana,Khammam,2021,Rabi,Potato,146.34,2525.83,17.26,1754.9,16.6,73.5,Sandy,Sprinkler,7240.19,993.16,Small,No,5,816.27,9687699.68,2061759.25,-7625940.43,Good,South
75,Gujarat,Rajkot,2022,Rabi,Potato,179.19,2902.88,16.2,2005.6,13.6,66.6,Alluvial,Drip,8279.83,1255.43,Medium,No,11,1584.66,9740040.02,4600077.82,-5139962.2,Good,West
76,Uttar Pradesh,Lucknow,2025,Whole Year,Rice,101.59,465.28,4.58,1015.2,20.9,51.9,Sandy,Rain-fed,7666.38,943.39,Small,No,1,2106.06,3214154.58,979907.6,-2234246.98,Excellent,North
77,Rajasthan,Udaipur,2024,Rabi,Potato,447.42,12796.21,28.6,1539.0,27.4,93.9,Sandy,Sprinkler,68079.75,4025.84,Small,No,2,1236.38,22208292.52,15820978.12,-6387314.4,Excellent,North
78,Telangana,Nizamabad,2022,Kharif,Bajra,84.16,138.02,1.64,2207.8,41.9,69.2,Laterite,Sprinkler,10900.88,816.88,Small,No,4,1617.99,1515802.37,223314.98,-1292487.39,Average,South
79,Punjab,Amritsar,2025,Kharif,Rice,34.55,109.18,3.16,1210.3,29.9,68.4,Clay,Rain-fed,5971.46,175.93,Medium,No,12,1756.86,1080990.34,191813.97,-889176.37,Good,North
80,Haryana,Karnal,2020,Kharif,Bajra,456.86,872.6,1.91,2141.7,17.5,69.0,Clay,Rain-fed,31077.89,1138.96,Small,No,4,1998.36,8271510.69,1743768.94,-6527741.75,Poor,North
81,Rajasthan,Kota,2019,Rabi,Jowar,445.77,887.08,1.99,2789.2,32.3,83.5,Sandy,Drip,25404.76,1431.27,Small,No,1,1752.63,7008741.0,1554723.02,-5454017.98,Excellent,North
82,Tamil Nadu,Coimbatore,2019,Rabi,Wheat,199.68,766.77,3.84,1291.3,24.3,66.0,Red,Sprinkler,25943.9,1188.04,Medium,No,12,2183.88,4647619.18,1674533.67,-2973085.51,Poor,South
83,Gujarat,Bhavnagar,2018,Zaid,Tomato,259.53,5068.62,19.53,2810.7,17.9,95.8,Sandy,Sprinkler,41117.52,974.97,Medium,No,6,1512.53,17260039.99,7666439.81,-9593600.18,Good,West
84,Telangana,Warangal,2020,Rabi,Maize,421.42,2098.67,4.98,182.3,11.6,71.3,Sandy,Sprinkler,55272.69,3976.75,Small,No,4,1833.4,10804401.68,3847701.58,-6956700.1,Good,South
85,Maharashtra,Aurangabad,2021,Zaid,Onion,149.42,1664.54,11.14,1374.9,26.9,36.3,Sandy,Drip,12515.65,1330.14,Medium,No,10,1070.0,6613852.91,1781057.8,-4832795.11,Average,West
86,Rajasthan,Jodhpur,2025,Rabi,Wheat,225.35,525.07,2.33,2841.6,40.2,53.5,Red,Sprinkler,38472.93,2012.92,Small,No,5,2080.09,8072794.61,1092192.86,-6980601.75,Average,North
87,Haryana,Panipat,2025,Kharif,Cotton,292.09,110.99,0.38,1832.8,39.5,73.8,Alluvial,Tube Well,12018.0,637.48,Small,No,3,6527.71,11434866.03,724510.53,-10710355.5,Average,North
88,Andhra Pradesh,Kurnool,2021,Kharif,Soybean,37.69,72.36,1.92,911.2,44.6,74.4,Black,Drip,6652.72,201.0,Medium,No,9,4254.97,662882.39,307889.63,-354992.76,Good,South
89,Tamil Nadu,Chennai,2018,Kharif,Rice,357.08,1285.49,3.6,531.9,41.3,31.2,Sandy,Sprinkler,22406.87,4248.1,Medium,No,9,1855.12,12567174.22,2384738.21,-10182436.01,Good,South
90,Andhra Pradesh,Guntur,2025,Zaid,Tomato,184.81,6740.02,36.47,1792.7,37.9,78.0,Clay,Canal,22836.48,724.61,Medium,No,7,1637.82,12090882.79,11038939.56,-1051943.23,Excellent,South
91,Telangana,Khammam,2024,Kharif,Maize,16.75,45.39,2.71,154.9,21.0,32.1,Clay,Drip,1632.34,159.54,Large,No,11,1723.47,423131.21,78228.3,-344902.91,Average,South
92,Telangana,Karimnagar,2024,Kharif,Soybean,230.37,384.72,1.67,2060.0,40.4,74.5,Clay,Sprinkler,28890.87,717.58,Small,No,2,4441.49,6397232.96,1708730.03,-4688502.93,Average,South
93,West Bengal,Howrah,2025,Kharif,Soybean,175.05,386.86,2.21,893.0,14.3,74.1,Laterite,Rain-fed,27057.98,2013.2,Medium,No,8,4455.31,2805593.34,1723581.23,-1082012.11,Average,East
94,Telangana,Nizamabad,2025,Kharif,Cotton,414.15,223.64,0.54,887.7,13.8,79.3,Red,Drip,19509.43,4537.85,Small,No,1,5826.6,19851845.97,1303060.82,-18548785.15,Excellent,South
95,Bihar,Gaya,2018,Kharif,Jowar,204.05,467.27,2.29,1484.6,17.0,97.1,Alluvial,Sprinkler,26613.37,2241.96,Small,No,5,2017.08,3775604.69,942520.97,-2833083.72,Excellent,East
96,Assam,Silchar,2024,Rabi,Mustard,467.03,737.91,1.58,2385.1,16.5,79.9,Alluvial,Canal,19287.13,3384.84,Small,No,3,4545.22,9533541.35,3353963.29,-6179578.06,Good,Northeast
97,Assam,Silchar,2025,Whole Year,Sugarcane,404.6,30951.9,76.5,1980.0,35.2,21.1,Alluvial,Sprinkler,48345.4,3774.96,Small,No,4,362.7,32615302.18,11226254.13,-21389048.05,Excellent,Northeast
98,Telangana,Hyderabad,2020,Rabi,Maize,162.48,437.07,2.69,783.0,36.4,96.3,Alluvial,Tube Well,22942.75,182.92,Medium,No,4,1700.67,3983283.29,743311.84,-3239971.45,Good,South
99,Telangana,Khammam,2022,Rabi,Potato,319.72,7423.9,23.22,740.5,43.5,58.3,Laterite,Tube Well,29512.55,2788.39,Large,No,16,1409.49,19314367.56,10463912.81,-8850454.75,Good,South
100,Bihar,Patna,2025,Rabi,Jowar,39.97,35.97,0.9,1688.2,27.7,65.8,Red,Drip,3434.88,268.75,Small,No,5,1842.18,758986.07,66263.21,-692722.86,Average,East
101,Punjab,Jalandhar,2020,Rabi,Jowar,228.94,288.46,1.26,2440.1,35.3,51.7,Black,Drip,27693.4,343.0,Small,Yes,1,2291.66,4427185.77,661052.24,-3766133.53,Good,North
102,Gujarat,Surat,2020,Zaid,Onion,187.86,3742.17,19.92,2759.6,23.2,26.4,Clay,Tube Well,11012.09,1965.61,Small,No,4,1587.5,9993485.76,5940694.88,-4052790.88,Good,West
103,Punjab,Ludhiana,2022,Kharif,Bajra,266.43,399.64,1.5,1103.9,19.6,95.0,Clay,Canal,11858.91,2201.29,Medium,No,4,1544.4,2843583.15,617204.02,-2226379.13,Average,North
104,Karnataka,Mangaluru,2018,Kharif,Cotton,201.73,76.66,0.38,2604.8,12.0,60.3,Alluvial,Drip,31108.8,1824.99,Small,No,3,5473.81,10471089.78,419622.27,-10051467.51,Poor,South
105,Tamil Nadu,Coimbatore,2024,Whole Year,Sugarcane,31.42,3058.11,97.33,2743.6,31.9,54.2,Laterite,Canal,5533.71,356.85,Medium,No,9,349.63,2398300.13,1069207.0,-1329093.13,Excellent,South
106,Uttar Pradesh,Varanasi,2025,Kharif,Cotton,151.07,113.3,0.75,2752.7,29.7,97.4,Sandy,Tube Well,8878.83,554.64,Small,No,4,6694.27,4881313.4,758460.79,-4122852.61,Good,North
107,Madhya Pradesh,Indore,2022,Kharif,Groundnut,436.94,847.66,1.94,2200.5,29.6,58.4,Alluvial,Sprinkler,76020.03,510.64,Large,No,13,5620.32,13682759.12,4764120.45,-8918638.67,Average,Central
108,West Bengal,Asansol,2021,Kharif,Groundnut,276.49,470.03,1.7,1647.6,22.6,40.9,Sandy,Rain-fed,29097.97,2718.17,Medium,No,9,5871.5,7067243.06,2759781.15,-4307461.91,Good,East
109,Andhra Pradesh,Visakhapatnam,2020,Whole Year,Rice,277.1,1080.69,3.9,956.1,16.9,38.4,Sandy,Drip,30453.9,2272.41,Medium,No,11,2176.56,10483770.67,2352186.63,-8131584.04,Excellent,South
110,Uttar Pradesh,Meerut,2020,Rabi,Maize,92.84,566.32,6.1,2876.0,28.3,87.1,Black,Canal,13648.17,513.99,Medium,No,6,1305.48,2328451.42,739319.43,-1589131.99,Excellent,North
111,Andhra Pradesh,Kurnool,2025,Kharif,Pulses,8.85,8.67,0.98,148.5,35.3,62.9,Alluvial,Canal,976.25,76.79,Small,No,2,5267.54,114723.78,45669.57,-69054.21,Good,South
112,Madhya Pradesh,Ujjain,2022,Kharif,Tomato,134.4,3170.5,23.59,1277.5,29.8,99.2,Red,Sprinkler,18246.93,1387.89,Medium,No,4,821.55,7832057.96,2604724.27,-5227333.69,Average,Central
113,Punjab,Ludhiana,2020,Rabi,Wheat,422.82,1437.59,3.4,2934.3,44.1,91.6,Black,Drip,29427.59,4460.45,Large,No,11,2354.5,13665422.9,3384805.65,-10280617.25,Average,North
114,Tamil Nadu,Tiruchirappalli,2018,Rabi,Maize,8.81,20.09,2.28,2480.0,38.7,94.3,Alluvial,Drip,1047.99,63.73,Medium,No,12,1499.04,251776.85,30115.71,-221661.14,Good,South
115,West Bengal,Kolkata,2023,Kharif,Rice,219.11,688.01,3.14,2330.1,43.4,51.7,Alluvial,Canal,28216.38,2107.63,Small,No,5,2158.8,7370194.07,1485275.99,-5884918.08,Average,East
116,Telangana,Karimnagar,2019,Zaid,Onion,399.23,5549.3,13.9,547.2,34.9,70.7,Clay,Rain-fed,33669.04,867.15,Small,No,3,1889.75,14993396.19,10486789.68,-4506606.51,Good,South
117,Gujarat,Vadodara,2024,Rabi,Wheat,45.72,180.14,3.94,2374.9,40.2,21.0,Laterite,Rain-fed,6816.11,410.26,Medium,No,7,2143.18,1053959.96,386072.45,-667887.51,Good,West
118,Uttar Pradesh,Meerut,2022,Whole Year,Sugarcane,73.82,4296.32,58.2,969.3,37.4,48.9,Red,Rain-fed,9089.67,232.61,Small,No,4,313.22,6260503.49,1345693.35,-4914810.14,Poor,North
119,Rajasthan,Udaipur,2023,Kharif,Groundnut,150.92,318.44,2.11,1489.1,16.2,51.9,Alluvial,Sprinkler,21563.81,1201.61,Large,No,20,5064.08,4866780.28,1612605.64,-3254174.64,Good,North
120,Haryana,Sirsa,2021,Rabi,Barley,341.17,1187.27,3.48,1438.7,34.8,55.1,Alluvial,Canal,52763.71,3327.17,Small,No,3,1621.01,7364710.45,1924576.54,-5440133.91,Good,North
121,Bihar,Muzaffarpur,2019,Kharif,Bajra,291.54,702.61,2.41,2621.9,24.6,22.9,Alluvial,Tube Well,35898.72,3223.97,Small,No,3,1499.8,4701601.16,1053774.48,-3647826.68,Good,East
122,Telangana,Karimnagar,2023,Zaid,Onion,53.87,705.16,13.09,2265.9,29.5,75.0,Red,Rain-fed,4976.33,328.27,Medium,No,6,1348.46,1918529.75,950880.05,-967649.7,Good,South
123,Gujarat,Ahmedabad,2019,Zaid,Tomato,174.82,5220.13,29.86,1611.2,22.2,27.8,Clay,Rain-fed,14798.05,752.23,Medium,Yes,9,1828.36,8872533.39,9544276.89,671743.5,Poor,West
124,Madhya Pradesh,Ujjain,2020,Kharif,Jowar,166.16,234.29,1.41,2413.5,32.0,34.9,Clay,Rain-fed,15848.6,1513.93,Large,No,23,1772.19,2832588.7,415206.4,-2417382.3,Good,Central
125,Bihar,Patna,2019,Rabi,Onion,183.53,2250.08,12.26,2045.0,27.1,97.3,Alluvial,Tube Well,17326.97,976.01,Small,No,4,1702.57,10157184.55,3830918.71,-6326265.84,Poor,East
126,Maharashtra,Kolhapur,2019,Rabi,Pulses,157.28,102.23,0.65,1182.6,14.9,51.1,Sandy,Drip,18947.97,889.17,Small,No,2,6387.28,2657468.98,652971.63,-2004497.35,Good,West
127,Rajasthan,Udaipur,2018,Kharif,Tomato,475.97,10100.08,21.22,1213.4,29.7,72.2,Laterite,Rain-fed,46734.67,4873.37,Small,Yes,1,1897.89,21963315.82,19168840.83,-2794474.99,Good,North
128,Maharashtra,Nagpur,2025,Rabi,Barley,275.31,528.6,1.92,2347.8,38.8,49.3,Black,Rain-fed,32070.71,3272.76,Small,No,2,1648.85,6880857.71,871582.11,-6009275.6,Average,West
129,Rajasthan,Jaipur,2025,Zaid,Tomato,388.04,11357.93,29.27,1805.0,22.3,76.9,Clay,Rain-fed,24538.65,982.36,Small,No,1,1441.1,24690918.42,16367912.92,-8323005.5,Good,North
130,Uttar Pradesh,Meerut,2022,Whole Year,Sugarcane,476.25,41376.6,86.88,2464.0,14.7,80.0,Laterite,Canal,85224.02,5018.5,Small,No,2,294.62,34710942.36,12190373.89,-22520568.47,Excellent,North
131,Odisha,Sambalpur,2025,Rabi,Maize,314.28,685.13,2.18,2404.3,36.9,52.2,Clay,Sprinkler,43137.6,3347.24,Small,No,5,1301.48,9063173.35,891682.99,-8171490.36,Poor,East
132,West Bengal,Siliguri,2023,Zaid,Tomato,398.04,13294.54,33.4,2492.1,27.3,45.8,Alluvial,Sprinkler,46420.81,969.84,Large,No,11,759.73,26635357.39,10100260.87,-16535096.52,Good,East
133,Punjab,Ludhiana,2020,Kharif,Bajra,1.34,1.98,1.48,2096.9,14.6,72.0,Red,Sprinkler,71.11,6.65,Small,No,2,1431.07,21783.1,2833.52,-18949.58,Poor,North
134,Bihar,Gaya,2024,Rabi,Pulses,352.15,309.89,0.88,484.8,17.9,74.4,Black,Canal,48379.63,3517.34,Large,No,14,6194.25,5032036.39,1919536.13,-3112500.26,Good,East
135,Bihar,Patna,2019,Kharif,Soybean,440.61,757.85,1.72,2284.2,14.7,99.4,Red,Canal,50349.02,481.68,Medium,No,7,4128.08,7476210.43,3128465.43,-4347745.0,Good,East
136,Telangana,Karimnagar,2021,Rabi,Wheat,70.87,262.93,3.71,1119.5,25.0,83.3,Red,Sprinkler,9230.6,264.33,Medium,No,8,2267.38,2298212.71,596162.22,-1702050.49,Average,South
137,Telangana,Nizamabad,2021,Kharif,Jowar,374.17,306.82,0.82,2703.9,43.4,59.6,Black,Drip,41136.83,2818.71,Small,No,3,2153.75,4235540.34,660813.57,-3574726.77,Poor,South
138,Andhra Pradesh,Nellore,2023,Kharif,Jowar,381.6,812.81,2.13,148.4,12.4,41.0,Black,Canal,65946.28,2052.14,Small,No,4,1796.5,5351090.6,1460213.16,-3890877.44,Good,South
139,Tamil Nadu,Tiruchirappalli,2020,Whole Year,Sugarcane,155.64,9699.48,62.32,2443.4,28.8,51.3,Clay,Canal,12984.07,904.63,Large,No,17,288.62,12043321.03,2799463.92,-9243857.11,Average,South
140,Andhra Pradesh,Vijayawada,2022,Rabi,Pulses,60.6,79.39,1.31,575.1,43.4,61.8,Clay,Sprinkler,3840.51,145.21,Medium,No,5,6928.58,744989.89,550059.97,-194929.92,Good,South
141,Maharashtra,Kolhapur,2019,Whole Year,Sugarcane,248.58,14198.89,57.12,2592.1,15.8,32.6,Black,Tube Well,33403.4,563.95,Medium,Yes,4,348.41,18722841.51,4947035.26,-13775806.25,Good,West
142,Assam,Guwahati,2024,Kharif,Cotton,124.88,64.94,0.52,2495.4,30.0,29.6,Clay,Canal,8130.71,1229.78,Large,No,12,6753.98,6450152.62,438603.46,-6011549.16,Poor,Northeast
143,Maharashtra,Nashik,2019,Rabi,Jowar,4.98,7.22,1.45,981.3,31.8,57.1,Sandy,Rain-fed,894.86,47.48,Medium,No,7,1605.4,96233.4,11590.99,-84642.41,Excellent,West
144,Tamil Nadu,Madurai,2018,Kharif,Soybean,379.71,691.07,1.82,991.8,17.2,98.6,Laterite,Rain-fed,66284.42,4441.91,Small,No,1,4421.27,10124867.34,3055407.06,-7069460.28,Good,South
145,West Bengal,Durgapur,2025,Rabi,Potato,290.8,7153.68,24.6,1243.6,30.7,25.0,Clay,Drip,21271.45,1125.66,Small,No,3,1054.45,14004543.03,7543197.88,-6461345.15,Excellent,East
146,Madhya Pradesh,Bhopal,2019,Kharif,Maize,83.02,281.44,3.39,1654.2,43.8,36.6,Alluvial,Rain-fed,6400.93,192.53,Small,No,5,1324.2,2465938.62,372682.85,-2093255.77,Average,Central
147,Haryana,Hisar,2023,Kharif,Groundnut,338.91,782.88,2.31,190.1,24.2,56.2,Clay,Tube Well,25411.26,2061.41,Medium,Yes,4,5539.44,7908235.07,4336716.79,-3571518.28,Excellent,North
148,Gujarat,Rajkot,2019,Rabi,Barley,458.8,1399.34,3.05,673.5,32.6,84.7,Black,Sprinkler,26222.2,5214.3,Small,No,4,1910.84,8694253.98,2673914.85,-6020339.13,Excellent,West
149,Telangana,Karimnagar,2020,Kharif,Soybean,454.24,649.56,1.43,531.0,31.5,69.4,Clay,Sprinkler,49895.91,4865.17,Small,Yes,4,3964.2,12037579.27,2574985.75,-9462593.52,Average,South
150,Telangana,Khammam,2018,Rabi,Groundnut,240.36,394.19,1.64,1740.4,21.3,41.6,Black,Sprinkler,29707.6,317.84,Medium,No,11,5294.15,7571972.75,2086900.99,-5485071.76,Poor,South
151,Uttar Pradesh,Lucknow,2021,Rabi,Pulses,134.0,209.04,1.56,262.1,44.9,37.6,Laterite,Sprinkler,22904.47,1595.53,Small,No,3,7015.53,2542819.6,1466526.39,-1076293.21,Average,North
152,Punjab,Patiala,2020,Rabi,Barley,418.51,1581.97,3.78,1672.2,16.1,23.0,Black,Drip,51992.66,510.25,Small,No,5,1600.73,6823761.8,2532306.84,-4291454.96,Good,North
153,Assam,Dibrugarh,2018,Kharif,Rice,293.72,1301.18,4.43,2554.8,40.1,96.8,Alluvial,Rain-fed,35846.27,1381.12,Small,No,4,2054.29,12986313.44,2673001.06,-10313312.38,Good,Northeast
154,Uttar Pradesh,Varanasi,2023,Kharif,Cotton,189.81,91.11,0.48,615.4,10.1,76.2,Sandy,Rain-fed,30199.91,1799.23,Medium,No,9,6842.08,10285479.73,623381.91,-9662097.82,Good,North
155,Andhra Pradesh,Vijayawada,2025,Rabi,Maize,372.93,1868.38,5.01,586.9,41.0,27.1,Clay,Sprinkler,38235.84,1460.89,Small,Yes,3,2116.17,6964118.84,3953809.7,-3010309.14,Excellent,South
156,Gujarat,Surat,2024,Kharif,Bajra,176.26,380.72,2.16,2387.3,30.2,80.7,Red,Drip,18186.55,1725.79,Small,Yes,3,2098.8,2062427.43,799055.14,-1263372.29,Excellent,West
157,West Bengal,Kolkata,2019,Kharif,Soybean,352.55,616.96,1.75,1861.2,25.2,24.3,Alluvial,Drip,62195.38,1939.76,Medium,No,12,3765.26,6578512.47,2323014.81,-4255497.66,Good,East
158,Punjab,Jalandhar,2025,Kharif,Maize,181.05,537.72,2.97,2019.9,31.0,36.0,Black,Drip,11572.08,762.21,Small,No,3,1770.93,4452602.9,952264.48,-3500338.42,Poor,North
159,Maharashtra,Pune,2024,Rabi,Maize,442.86,1514.58,3.42,863.6,26.3,38.1,Alluvial,Tube Well,21536.07,4107.34,Medium,Yes,9,2021.94,12661542.95,3062389.89,-9599153.06,Good,West
160,Punjab,Jalandhar,2024,Rabi,Jowar,286.78,321.19,1.12,1244.9,39.9,22.8,Sandy,Tube Well,43608.64,2424.12,Medium,Yes,11,2021.21,5655774.44,649192.44,-5006582.0,Poor,North
161,Uttar Pradesh,Lucknow,2024,Rabi,Wheat,101.76,316.47,3.11,1825.6,21.2,78.2,Black,Canal,9599.42,546.54,Small,No,4,2350.3,2057846.52,743799.44,-1314047.08,Poor,North
162,Andhra Pradesh,Kurnool,2024,Rabi,Wheat,75.67,296.63,3.92,2898.0,13.5,28.5,Black,Sprinkler,12216.66,808.27,Large,No,30,2091.35,2342842.99,620357.15,-1722485.84,Excellent,South
163,Maharashtra,Aurangabad,2020,Rabi,Barley,20.35,56.78,2.79,789.0,36.1,93.7,Alluvial,Canal,1776.58,198.01,Small,No,1,1986.25,351639.33,112779.28,-238860.05,Good,West
164,West Bengal,Siliguri,2023,Whole Year,Sugarcane,302.88,18711.93,61.78,2749.0,24.3,58.8,Sandy,Sprinkler,46928.96,2019.59,Small,No,5,320.34,27628912.65,5994179.66,-21634732.99,Average,East
165,Andhra Pradesh,Vijayawada,2020,Kharif,Cotton,418.65,205.14,0.49,2762.3,34.7,41.9,Laterite,Tube Well,40011.18,4669.54,Medium,No,11,6188.09,14418135.34,1269424.78,-13148710.56,Poor,South
166,Andhra Pradesh,Kurnool,2023,Kharif,Soybean,418.99,775.13,1.85,362.1,11.0,24.0,Sandy,Drip,67036.54,3402.69,Medium,No,10,4013.28,10994376.83,3110813.73,-7883563.1,Poor,South
167,Telangana,Hyderabad,2025,Rabi,Mustard,324.04,337.0,1.04,831.9,38.2,44.4,Clay,Sprinkler,32187.85,1665.96,Small,No,4,4362.57,6223635.05,1470186.09,-4753448.96,Average,South
168,Andhra Pradesh,Vijayawada,2018,Rabi,Jowar,281.17,345.84,1.23,2084.8,26.9,46.9,Alluvial,Sprinkler,45158.38,1088.86,Medium,No,8,1631.85,4266174.37,564359.0,-3701815.37,Good,South
169,Punjab,Bathinda,2024,Kharif,Pulses,340.7,432.69,1.27,2992.7,19.1,53.5,Laterite,Canal,41437.06,4068.74,Medium,No,7,6715.8,6263134.4,2905859.5,-3357274.9,Good,North
170,Telangana,Nizamabad,2022,Zaid,Tomato,420.48,9864.46,23.46,383.0,14.5,40.7,Sandy,Drip,72561.93,4581.34,Medium,No,7,1667.47,23440912.52,16448691.12,-6992221.4,Poor,South
171,Rajasthan,Kota,2022,Rabi,Barley,232.42,427.65,1.84,1939.8,30.3,69.7,Laterite,Drip,25581.73,2450.28,Small,No,1,1935.42,3836739.28,827682.36,-3009056.92,Poor,North
172,Rajasthan,Udaipur,2025,Rabi,Maize,431.33,888.54,2.06,1064.6,44.5,45.1,Black,Canal,44550.98,1424.77,Medium,No,6,1593.75,12374844.04,1416110.62,-10958733.42,Good,North
173,Andhra Pradesh,Nellore,2024,Rabi,Groundnut,482.7,492.35,1.02,678.3,23.1,21.1,Alluvial,Tube Well,32186.79,4076.03,Medium,No,9,4968.14,10397658.89,2446063.73,-7951595.16,Average,South
174,Maharashtra,Nagpur,2019,Zaid,Tomato,149.8,4264.81,28.47,1829.5,21.8,91.0,Red,Sprinkler,26883.03,957.52,Medium,No,10,724.86,7917116.91,3091390.18,-4825726.73,Poor,West
175,Madhya Pradesh,Indore,2020,Rabi,Wheat,355.84,1302.37,3.66,1956.9,37.0,69.9,Sandy,Canal,47211.35,2914.06,Small,No,4,2066.59,7908441.21,2691464.82,-5216976.39,Good,Central
176,West Bengal,Howrah,2021,Rabi,Potato,151.26,3955.45,26.15,882.9,31.2,31.0,Black,Tube Well,21271.28,347.15,Small,Yes,2,1551.84,9823575.35,6138225.53,-3685349.82,Poor,East
177,Rajasthan,Udaipur,2022,Kharif,Maize,274.52,1358.87,4.95,1493.9,18.2,21.0,Black,Canal,43081.11,2294.78,Small,Yes,5,1606.93,8418680.51,2183608.97,-6235071.54,Good,North
178,Karnataka,Belagavi,2022,Kharif,Bajra,50.8,48.77,0.96,942.6,38.1,45.0,Clay,Canal,2707.63,474.48,Small,No,2,1597.2,962420.03,77895.44,-884524.59,Poor,South
179,Maharashtra,Pune,2023,Kharif,Tomato,92.25,3075.62,33.34,888.3,23.5,88.1,Laterite,Drip,5150.13,798.69,Small,No,2,834.83,7093373.41,2567619.84,-4525753.57,Excellent,West
180,Andhra Pradesh,Nellore,2020,Rabi,Barley,389.8,1325.32,3.4,2651.9,35.5,91.3,Laterite,Rain-fed,21755.22,2153.3,Small,No,3,1506.18,9231759.2,1996170.48,-7235588.72,Good,South
181,West Bengal,Asansol,2021,Kharif,Pulses,260.03,317.24,1.22,1355.3,35.4,58.6,Clay,Rain-fed,15812.85,2623.91,Large,No,10,6608.5,3528418.25,2096480.54,-1431937.71,Average,East
182,Odisha,Sambalpur,2020,Rabi,Wheat,161.0,479.78,2.98,1570.1,29.3,50.3,Red,Canal,16787.99,1580.03,Small,No,4,1989.64,6061983.8,954589.48,-5107394.32,Poor,East
183,Punjab,Ludhiana,2024,Kharif,Groundnut,279.01,270.64,0.97,1852.2,31.7,44.4,Sandy,Tube Well,19240.3,2339.84,Large,No,11,5724.88,9113795.13,1549381.52,-7564413.61,Average,North
184,Bihar,Darbhanga,2025,Rabi,Potato,358.24,8357.74,23.33,743.1,21.9,86.4,Alluvial,Tube Well,40509.03,3124.95,Small,No,2,1457.47,22309513.04,12181155.32,-10128357.72,Good,East
185,Maharashtra,Kolhapur,2021,Kharif,Cotton,465.18,237.24,0.51,2366.1,35.1,28.6,Laterite,Canal,78953.94,4750.48,Medium,No,11,5914.78,20808852.36,1403222.41,-19405629.95,Average,West
186,Karnataka,Bengaluru,2018,Rabi,Jowar,419.57,629.36,1.5,2771.4,16.2,66.3,Clay,Drip,22865.54,3454.21,Medium,No,10,1793.07,6750854.84,1128486.54,-5622368.3,Average,South
187,Madhya Pradesh,Jabalpur,2024,Kharif,Soybean,226.97,301.87,1.33,2130.0,36.2,43.9,Clay,Tube Well,36428.47,2004.29,Large,No,16,3709.71,5512420.15,1119850.16,-4392569.99,Average,Central
188,Assam,Silchar,2020,Rabi,Jowar,355.47,607.85,1.71,1790.1,43.0,76.8,Clay,Tube Well,28448.23,3668.56,Medium,No,4,1766.61,3743330.15,1073833.89,-2669496.26,Excellent,Northeast
189,Maharashtra,Nagpur,2022,Kharif,Pulses,74.07,83.7,1.13,691.6,28.9,48.7,Laterite,Canal,9351.73,624.47,Medium,No,12,5972.22,1267280.15,499874.81,-767405.34,Average,West
190,West Bengal,Durgapur,2018,Rabi,Mustard,194.39,437.38,2.25,1006.7,29.3,21.0,Alluvial,Drip,24663.94,1864.23,Large,No,30,4845.55,3980392.59,2119346.66,-1861045.93,Good,East
191,Tamil Nadu,Tiruchirappalli,2021,Rabi,Onion,147.79,2785.84,18.85,642.2,16.1,61.1,Laterite,Canal,14777.68,1052.65,Small,No,3,907.34,6895627.71,2527704.07,-4367923.64,Average,South
192,Punjab,Amritsar,2023,Rabi,Barley,387.06,1312.13,3.39,973.3,37.6,64.0,Black,Sprinkler,43952.72,4461.59,Small,No,2,1707.97,7884551.36,2241078.68,-5643472.68,Excellent,North
193,Madhya Pradesh,Bhopal,2023,Kharif,Soybean,147.49,292.03,1.98,1477.1,29.6,80.2,Clay,Canal,8268.45,708.85,Small,No,5,3743.83,2288809.44,1093310.67,-1195498.77,Average,Central
194,Gujarat,Ahmedabad,2024,Whole Year,Sugarcane,13.33,1098.13,82.38,1591.5,27.8,58.9,Alluvial,Drip,1130.97,25.4,Small,No,5,333.32,1134080.72,366028.69,-768052.03,Excellent,West
195,Telangana,Warangal,2024,Zaid,Tomato,103.58,3748.56,36.19,2250.0,25.2,85.3,Black,Drip,4487.65,920.37,Small,Yes,2,2012.48,6745510.81,7543902.03,798391.22,Excellent,South
196,Maharashtra,Aurangabad,2024,Kharif,Bajra,217.08,373.38,1.72,1651.0,32.4,69.5,Clay,Tube Well,10066.51,2242.6,Small,No,3,1872.14,2824972.12,699019.63,-2125952.49,Excellent,West
197,Bihar,Muzaffarpur,2024,Kharif,Groundnut,237.52,289.77,1.22,1233.9,37.9,63.7,Clay,Drip,19412.01,2554.95,Large,No,30,5059.7,8133154.27,1466149.27,-6667005.0,Average,East
198,Tamil Nadu,Coimbatore,2019,Kharif,Rice,286.79,934.94,3.26,346.9,17.4,79.3,Clay,Sprinkler,19972.97,3143.77,Large,Yes,15,2013.5,8284366.31,1882501.69,-6401864.62,Good,South
199,Bihar,Darbhanga,2018,Kharif,Tomato,322.69,8277.0,25.65,827.0,16.9,66.4,Alluvial,Sprinkler,18699.92,2649.35,Small,No,2,1113.12,19610713.27,9213294.24,-10397419.03,Average,East
200,Maharashtra,Kolhapur,2020,Rabi,Barley,404.04,1034.34,2.56,1008.3,37.5,77.0,Clay,Rain-fed,31812.16,2001.75,Medium,No,11,1731.42,7510059.57,1790876.96,-5719182.61,Average,West
201,Tamil Nadu,Chennai,2020,Rabi,Pulses,421.05,336.84,0.8,1662.0,19.2,90.9,Black,Canal,69428.92,4355.96,Medium,No,10,6923.0,5948428.87,2331943.32,-3616485.55,Good,South
202,Maharashtra,Kolhapur,2025,Rabi,Pulses,183.54,218.41,1.19,2226.4,20.2,57.2,Sandy,Canal,17537.23,1197.39,Medium,No,6,6893.02,2460116.37,1505504.5,-954611.87,Good,West
203,Andhra Pradesh,Kurnool,2020,Rabi,Potato,469.65,10698.63,22.78,772.1,19.3,38.7,Clay,Drip,52837.47,4558.45,Small,No,1,831.92,27923389.45,8900404.27,-19022985.18,Excellent,South
204,Tamil Nadu,Madurai,2022,Rabi,Barley,188.95,525.28,2.78,2704.9,12.7,40.1,Red,Tube Well,18293.74,1887.54,Small,No,5,1503.3,4500853.7,789653.42,-3711200.28,Good,South
205,Madhya Pradesh,Indore,2022,Kharif,Cotton,94.27,59.39,0.63,443.2,18.1,84.9,Clay,Canal,10125.76,590.79,Small,No,4,5044.89,2929780.4,299616.02,-2630164.38,Good,Central
206,Uttar Pradesh,Kanpur,2018,Rabi,Mustard,28.9,31.5,1.09,2878.9,31.0,65.1,Black,Sprinkler,4988.59,97.76,Medium,No,11,4204.68,644575.07,132447.42,-512127.65,Average,North
207,Bihar,Darbhanga,2020,Rabi,Barley,84.69,302.34,3.57,1829.9,12.4,50.3,Red,Canal,3583.98,571.64,Large,No,14,1802.76,1420608.85,545046.46,-875562.39,Average,East
208,Andhra Pradesh,Vijayawada,2019,Rabi,Wheat,330.04,1382.87,4.19,103.5,42.8,74.3,Laterite,Tube Well,32639.56,3506.04,Medium,No,11,2273.73,8865619.28,3144273.01,-5721346.27,Good,South
209,West Bengal,Asansol,2019,Kharif,Groundnut,128.0,326.4,2.55,343.1,30.9,63.5,Alluvial,Drip,5218.01,1175.05,Small,No,5,4510.79,3816728.55,1472321.86,-2344406.69,Good,East
210,Rajasthan,Udaipur,2023,Rabi,Wheat,213.61,679.28,3.18,1654.7,29.8,69.0,Clay,Rain-fed,31122.14,1184.58,Medium,No,9,2135.46,6132248.13,1450575.27,-4681672.86,Poor,North
211,Andhra Pradesh,Guntur,2024,Rabi,Potato,427.64,11747.27,27.47,1395.1,34.5,32.9,Red,Tube Well,41087.02,2019.67,Medium,No,4,928.59,29480264.67,10908397.45,-18571867.22,Excellent,South
212,Haryana,Hisar,2025,Rabi,Mustard,44.98,57.12,1.27,1866.2,35.4,94.5,Laterite,Tube Well,5931.27,186.72,Large,Yes,15,5425.4,720447.92,309898.85,-410549.07,Average,North
213,Bihar,Darbhanga,2022,Kharif,Cotton,392.2,254.93,0.65,1884.1,33.6,48.8,Clay,Canal,69258.77,766.86,Small,No,4,5810.9,13730043.31,1481372.74,-12248670.57,Excellent,East
214,West Bengal,Kolkata,2019,Rabi,Jowar,363.34,595.88,1.64,1107.7,38.5,38.1,Red,Rain-fed,61825.91,2661.09,Small,No,1,1891.04,5461614.85,1126832.92,-4334781.93,Good,East
215,Haryana,Sirsa,2022,Rabi,Mustard,347.4,618.37,1.78,2332.9,36.5,96.9,Laterite,Rain-fed,57499.33,3641.54,Small,No,4,4760.39,8317443.97,2943682.36,-5373761.61,Good,North
216,Madhya Pradesh,Jabalpur,2024,Kharif,Soybean,350.71,438.39,1.25,1256.9,36.2,47.4,Sandy,Drip,37426.99,1714.59,Large,No,16,3999.0,6170975.68,1753121.61,-4417854.07,Poor,Central
217,Odisha,Rourkela,2021,Kharif,Cotton,417.64,221.35,0.53,2358.9,14.2,26.3,Clay,Rain-fed,52595.82,3928.61,Small,Yes,4,6391.76,21906483.45,1414816.08,-20491667.37,Average,East
218,Andhra Pradesh,Guntur,2025,Rabi,Maize,199.54,524.79,2.63,1624.6,24.8,95.2,Black,Tube Well,17683.33,2088.07,Medium,No,5,1718.95,4876954.8,902087.77,-3974867.03,Average,South
219,Punjab,Amritsar,2024,Rabi,Barley,163.39,403.57,2.47,1690.8,18.3,57.7,Sandy,Sprinkler,14905.97,1059.82,Small,No,3,1682.54,3105378.24,679022.67,-2426355.57,Average,North
220,Andhra Pradesh,Visakhapatnam,2021,Zaid,Tomato,360.69,10799.06,29.94,2583.3,16.9,84.0,Clay,Drip,38311.84,399.34,Small,Yes,5,1551.93,22374216.37,16759385.19,-5614831.18,Good,South
221,Odisha,Puri,2018,Kharif,Groundnut,345.58,666.97,1.93,1482.0,32.0,56.0,Alluvial,Sprinkler,31286.98,2475.68,Large,No,10,5117.64,8731547.77,3413312.35,-5318235.42,Average,East
222,Andhra Pradesh,Visakhapatnam,2020,Zaid,Onion,178.2,3437.48,19.29,2235.9,41.1,50.5,Alluvial,Rain-fed,22887.96,462.13,Small,No,3,1448.36,8964841.67,4978708.53,-3986133.14,Good,South
223,Assam,Guwahati,2019,Rabi,Maize,114.88,327.41,2.85,875.7,32.6,41.7,Laterite,Sprinkler,16623.75,773.18,Small,No,1,1375.02,2445195.61,450195.3,-1995000.31,Average,Northeast
224,West Bengal,Kolkata,2021,Rabi,Maize,52.4,231.08,4.41,1690.5,10.9,51.8,Black,Canal,4021.35,141.9,Medium,No,8,1437.61,1484298.39,332202.92,-1152095.47,Good,East
225,Uttar Pradesh,Kanpur,2020,Kharif,Rice,332.11,1036.18,3.12,1480.8,44.1,63.2,Alluvial,Tube Well,33967.64,3874.05,Medium,No,11,1941.73,12526200.42,2011981.79,-10514218.63,Average,North
226,Tamil Nadu,Tiruchirappalli,2022,Rabi,Mustard,241.34,241.34,1.0,992.8,24.4,32.5,Black,Canal,27335.2,2254.41,Small,No,5,4009.98,5604128.13,967768.57,-4636359.56,Poor,South
227,Karnataka,Belagavi,2018,Zaid,Onion,399.18,9185.13,23.01,1689.8,16.6,90.6,Laterite,Rain-fed,29932.69,3538.46,Medium,No,7,1241.87,18185037.92,11406737.39,-6778300.53,Excellent,South
228,Bihar,Darbhanga,2022,Whole Year,Sugarcane,207.04,14055.95,67.89,939.8,32.3,69.4,Alluvial,Tube Well,22542.4,937.29,Small,No,1,298.59,13269388.12,4196966.11,-9072422.01,Average,East
229,West Bengal,Siliguri,2018,Kharif,Cotton,76.19,35.81,0.47,1003.6,38.0,99.8,Laterite,Canal,6570.23,783.16,Large,Yes,22,5883.48,2651778.27,210687.42,-2441090.85,Poor,East
230,Odisha,Sambalpur,2018,Rabi,Wheat,193.01,677.47,3.51,2984.2,17.0,78.8,Black,Tube Well,25716.87,635.57,Small,No,3,1895.17,6390226.69,1283920.82,-5106305.87,Poor,East
231,Tamil Nadu,Tiruchirappalli,2019,Whole Year,Sugarcane,319.62,25019.85,78.28,2604.6,17.6,29.0,Clay,Rain-fed,27305.74,908.03,Small,Yes,2,297.29,29193774.25,7438151.21,-21755623.04,Good,South
232,Andhra Pradesh,Visakhapatnam,2023,Rabi,Onion,125.11,2617.3,20.92,1081.4,43.9,80.8,Black,Canal,11231.43,336.93,Small,Yes,4,1498.69,6845274.25,3922521.34,-2922752.91,Average,South
233,Bihar,Muzaffarpur,2021,Whole Year,Rice,179.73,679.38,3.78,1507.4,25.3,43.6,Clay,Rain-fed,11964.38,548.7,Small,No,3,2107.36,6645264.93,1431698.24,-5213566.69,Average,East
234,Uttar Pradesh,Lucknow,2020,Kharif,Bajra,409.89,696.81,1.7,2350.2,27.7,78.7,Black,Tube Well,65564.41,3908.79,Small,No,5,1891.43,4877155.9,1317967.34,-3559188.56,Average,North
235,Bihar,Darbhanga,2020,Rabi,Barley,161.98,366.07,2.26,1617.3,12.3,86.8,Red,Drip,26287.57,522.04,Small,Yes,5,2053.44,3223255.63,751702.78,-2471552.85,Average,East
236,Andhra Pradesh,Guntur,2018,Kharif,Soybean,303.37,558.2,1.84,705.3,27.2,91.2,Black,Rain-fed,46155.56,505.93,Medium,No,10,4322.03,7682919.42,2412557.15,-5270362.27,Excellent,South
237,Andhra Pradesh,Guntur,2018,Rabi,Potato,417.39,6649.02,15.93,1606.5,13.5,38.5,Laterite,Drip,27980.46,3433.3,Medium,No,12,1399.36,21894417.01,9304372.63,-12590044.38,Good,South
238,Telangana,Khammam,2023,Kharif,Pulses,351.57,239.07,0.68,2398.1,29.2,60.4,Clay,Drip,40341.27,2671.61,Large,No,27,7478.66,5360226.45,1787923.25,-3572303.2,Average,South
239,Bihar,Muzaffarpur,2023,Rabi,Barley,282.01,812.19,2.88,2785.8,18.9,96.9,Laterite,Rain-fed,11288.12,389.54,Small,Yes,2,2217.08,5077121.81,1800690.21,-3276431.6,Good,East
240,Odisha,Rourkela,2018,Zaid,Onion,459.64,8953.79,19.48,1757.7,13.3,56.8,Red,Drip,35437.48,4957.62,Small,No,3,1019.48,20681481.67,9128209.83,-11553271.84,Average,East
241,West Bengal,Kolkata,2023,Zaid,Onion,87.28,2008.31,23.01,1771.1,41.8,67.6,Alluvial,Canal,12420.86,640.56,Small,Yes,3,1640.93,3963650.38,3295496.13,-668154.25,Average,East
242,Odisha,Cuttack,2018,Kharif,Pulses,28.01,24.93,0.89,1738.2,21.4,75.8,Red,Canal,3761.99,335.31,Large,No,28,6261.82,398326.18,156107.17,-242219.01,Average,East
243,Gujarat,Surat,2020,Kharif,Soybean,238.45,424.44,1.78,861.4,23.9,54.8,Clay,Drip,34976.94,1499.89,Small,No,5,3696.1,5486247.8,1568772.68,-3917475.12,Average,West
244,Madhya Pradesh,Bhopal,2019,Whole Year,Sugarcane,162.38,10640.76,65.53,2048.1,24.8,47.9,Alluvial,Sprinkler,19995.93,205.62,Small,No,5,362.16,14957120.74,3853657.64,-11103463.1,Average,Central
245,Karnataka,Bengaluru,2021,Kharif,Cotton,78.84,29.17,0.37,2244.8,18.5,69.7,Red,Sprinkler,3305.18,680.53,Small,No,1,5663.75,3823765.59,165211.59,-3658554.0,Good,South
246,Tamil Nadu,Tiruchirappalli,2022,Rabi,Jowar,311.9,633.16,2.03,2038.0,23.2,92.5,Sandy,Canal,23630.76,518.13,Small,No,3,1537.16,5161189.8,973268.23,-4187921.57,Excellent,South
247,Gujarat,Rajkot,2023,Zaid,Tomato,10.52,339.16,32.24,770.4,23.3,98.1,Black,Sprinkler,1134.61,79.62,Small,No,4,1428.89,735731.16,484622.33,-251108.83,Excellent,West
248,Assam,Nagaon,2022,Kharif,Soybean,197.31,250.58,1.27,1120.5,31.9,38.9,Sandy,Sprinkler,30319.64,1555.54,Large,No,10,4444.14,5394162.09,1113612.6,-4280549.49,Good,Northeast
249,Rajasthan,Udaipur,2020,Rabi,Wheat,260.84,1238.99,4.75,2090.9,24.6,65.8,Laterite,Sprinkler,43654.95,1205.64,Small,No,2,2148.62,8428490.43,2662118.69,-5766371.74,Excellent,North
250,Uttar Pradesh,Meerut,2020,Kharif,Groundnut,328.46,413.86,1.26,296.7,28.7,77.6,Red,Sprinkler,51743.34,854.24,Small,No,4,5941.79,8063765.78,2459069.21,-5604696.57,Poor,North
251,Odisha,Rourkela,2020,Rabi,Onion,54.28,1076.92,19.84,1874.7,19.3,65.4,Red,Tube Well,3935.6,464.7,Small,No,4,1074.31,3048009.59,1156945.93,-1891063.66,Good,East
252,Telangana,Nizamabad,2020,Kharif,Tomato,246.23,4670.98,18.97,193.5,36.8,21.2,Alluvial,Rain-fed,17521.13,2064.57,Small,No,2,1905.23,19574538.28,8899291.23,-10675247.05,Poor,South
253,Karnataka,Belagavi,2025,Rabi,Mustard,214.35,372.97,1.74,2490.6,35.2,51.5,Clay,Tube Well,26393.52,1452.76,Large,No,26,4131.18,3980266.06,1540806.2,-2439459.86,Average,South
254,Assam,Silchar,2024,Rabi,Potato,279.29,6864.95,24.58,243.0,20.2,51.8,Alluvial,Sprinkler,29210.55,1577.17,Medium,Yes,12,1740.29,16585090.7,11947003.84,-4638086.86,Excellent,Northeast
255,Tamil Nadu,Chennai,2020,Rabi,Onion,197.14,2300.62,11.67,1415.7,41.4,91.7,Laterite,Canal,14787.77,1697.16,Large,No,13,1018.55,10380538.34,2343296.5,-8037241.84,Average,South
256,Haryana,Sirsa,2024,Rabi,Potato,189.96,4857.28,25.57,2745.5,29.8,72.8,Red,Drip,30704.11,563.71,Medium,No,8,1384.13,13074753.69,6723106.97,-6351646.72,Good,North
257,Uttar Pradesh,Lucknow,2020,Kharif,Cotton,311.66,152.71,0.49,2580.7,29.0,20.5,Laterite,Drip,21929.13,2572.5,Small,No,5,6200.2,11256482.68,946832.54,-10309650.14,Average,North
258,Andhra Pradesh,Kurnool,2021,Kharif,Rice,74.98,164.21,2.19,2576.1,33.3,87.0,Alluvial,Sprinkler,12660.66,115.42,Small,No,3,1927.76,2911493.82,316557.47,-2594936.35,Average,South
259,Bihar,Darbhanga,2020,Kharif,Bajra,465.81,591.58,1.27,1168.9,23.3,25.4,Laterite,Tube Well,22866.44,2878.23,Small,No,3,1716.23,7101954.51,1015287.34,-6086667.17,Average,East
260,Andhra Pradesh,Vijayawada,2019,Rabi,Barley,242.35,870.04,3.59,2960.2,20.1,68.7,Alluvial,Sprinkler,27520.0,2894.94,Small,Yes,5,2090.56,4841525.59,1818870.82,-3022654.77,Good,South
261,Assam,Nagaon,2021,Rabi,Potato,489.65,6394.83,13.06,1913.8,14.1,87.8,Sandy,Rain-fed,47968.93,2287.51,Medium,No,4,1312.49,29722005.63,8393150.43,-21328855.2,Average,Northeast
262,Haryana,Rohtak,2022,Rabi,Jowar,383.75,429.8,1.12,1248.5,29.9,96.8,Red,Drip,33106.91,1810.27,Medium,No,4,1951.96,5685239.07,838952.41,-4846286.66,Average,North
263,Assam,Nagaon,2023,Kharif,Bajra,463.97,714.51,1.54,1738.3,33.7,64.4,Black,Drip,56064.13,2156.96,Large,No,12,1981.77,5940950.39,1415994.48,-4524955.91,Good,Northeast
264,Gujarat,Bhavnagar,2020,Rabi,Barley,94.5,265.55,2.81,994.0,40.0,76.8,Alluvial,Rain-fed,4928.33,1006.19,Small,No,3,1608.07,1703190.79,427022.99,-1276167.8,Excellent,West
265,Bihar,Patna,2021,Rabi,Mustard,222.44,282.5,1.27,1550.2,16.7,93.9,Clay,Tube Well,18562.67,1023.38,Medium,Yes,12,5180.39,4725894.91,1463460.18,-3262434.73,Average,East
266,West Bengal,Asansol,2019,Whole Year,Rice,466.24,1715.76,3.68,352.5,26.3,23.7,Sandy,Sprinkler,20116.97,4356.28,Medium,No,7,1634.78,14235701.62,2804890.13,-11430811.49,Good,East
267,Karnataka,Bengaluru,2022,Kharif,Maize,137.54,491.02,3.57,1590.8,17.2,48.0,Alluvial,Sprinkler,8227.36,1203.18,Small,No,1,1486.83,4193787.63,730063.27,-3463724.36,Average,South
268,Punjab,Amritsar,2018,Kharif,Bajra,53.86,76.48,1.42,619.1,30.9,67.4,Clay,Rain-fed,6801.66,238.97,Medium,No,12,1447.13,1035611.46,110676.5,-924934.96,Poor,North
269,Andhra Pradesh,Visakhapatnam,2019,Kharif,Tomato,49.53,1352.66,27.31,2322.8,26.5,95.8,Red,Tube Well,3770.59,247.55,Small,No,3,1725.41,3758541.26,2333893.09,-1424648.17,Good,South
270,Punjab,Ludhiana,2025,Rabi,Wheat,239.85,834.68,3.48,1111.0,30.1,60.6,Laterite,Canal,20536.38,1953.33,Medium,No,10,2154.32,5827001.11,1798167.82,-4028833.29,Good,North
271,Uttar Pradesh,Agra,2024,Rabi,Wheat,104.91,387.12,3.69,2942.6,29.9,47.4,Clay,Drip,6738.58,877.64,Medium,No,11,1868.59,3223817.04,723368.56,-2500448.48,Good,North
272,Haryana,Panipat,2020,Whole Year,Sugarcane,35.73,2632.94,73.69,2336.9,23.3,59.5,Clay,Canal,1882.06,356.85,Large,No,30,360.98,3225815.47,950438.68,-2275376.79,Average,North
273,Karnataka,Mangaluru,2022,Rabi,Groundnut,98.64,153.88,1.56,1753.8,42.0,44.4,Laterite,Sprinkler,17621.1,730.92,Medium,No,6,5778.76,2065142.66,889235.59,-1175907.07,Poor,South
274,Punjab,Ludhiana,2023,Rabi,Wheat,432.97,1640.96,3.79,1243.4,21.1,50.6,Laterite,Rain-fed,50361.61,3588.18,Small,No,4,2306.0,11467289.25,3784053.76,-7683235.49,Good,North
275,Maharashtra,Nagpur,2020,Kharif,Rice,324.55,1220.31,3.76,2008.0,44.1,30.9,Red,Rain-fed,52064.76,3514.68,Medium,No,6,1818.08,10866743.33,2218621.2,-8648122.13,Average,West
276,Gujarat,Rajkot,2021,Rabi,Maize,302.68,1537.61,5.08,786.6,27.6,52.9,Sandy,Tube Well,27657.63,3559.69,Medium,No,5,1648.16,9523622.95,2534227.3,-6989395.65,Excellent,West
277,West Bengal,Asansol,2022,Kharif,Bajra,262.16,369.65,1.41,1928.9,33.2,73.5,Clay,Tube Well,39778.52,1163.33,Small,No,1,1681.32,3965597.61,621499.94,-3344097.67,Average,East
278,West Bengal,Durgapur,2024,Kharif,Soybean,145.32,263.03,1.81,2273.3,35.4,65.1,Black,Rain-fed,17574.96,1061.05,Medium,No,4,3786.82,2335674.91,996047.26,-1339627.65,Good,East
279,Odisha,Rourkela,2022,Rabi,Maize,138.33,589.29,4.26,1851.1,41.9,79.1,Clay,Rain-fed,12694.18,405.22,Medium,No,6,1779.62,4159334.38,1048712.27,-3110622.11,Good,East
280,Haryana,Hisar,2020,Kharif,Tomato,376.63,8990.16,23.87,2015.9,35.4,33.4,Sandy,Sprinkler,17929.7,1472.0,Medium,Yes,11,1352.72,26784143.8,12161169.24,-14622974.56,Poor,North
281,Tamil Nadu,Coimbatore,2024,Kharif,Pulses,237.82,294.9,1.24,134.4,42.5,55.9,Clay,Sprinkler,41534.5,2024.24,Small,No,3,7390.46,3880713.18,2179446.65,-1701266.53,Average,South
282,Odisha,Rourkela,2023,Whole Year,Sugarcane,401.36,28059.08,69.91,1437.2,33.6,39.3,Clay,Tube Well,59348.95,2696.93,Medium,No,9,334.76,34883030.18,9393057.62,-25489972.56,Poor,East
283,Punjab,Jalandhar,2019,Kharif,Jowar,343.06,593.49,1.73,830.5,11.2,69.6,Black,Tube Well,45258.11,3495.8,Large,No,13,1560.47,5505035.05,926123.34,-4578911.71,Good,North
284,Bihar,Darbhanga,2020,Rabi,Mustard,348.13,473.46,1.36,2814.9,32.4,93.8,Alluvial,Rain-fed,47662.83,2904.58,Medium,No,5,4332.74,5091009.19,2051379.08,-3039630.11,Average,East
285,Punjab,Patiala,2022,Rabi,Maize,35.63,110.1,3.09,1238.6,32.6,28.7,Sandy,Rain-fed,2514.56,287.77,Large,No,13,1320.92,676463.08,145433.29,-531029.79,Poor,North
286,Bihar,Muzaffarpur,2018,Rabi,Mustard,75.28,151.31,2.01,2027.4,19.3,76.0,Laterite,Tube Well,3050.23,661.23,Medium,No,10,5012.86,1641809.4,758495.85,-883313.55,Good,East
287,Tamil Nadu,Coimbatore,2018,Rabi,Groundnut,61.48,154.31,2.51,1067.0,20.6,24.4,Clay,Canal,5603.89,638.58,Small,No,3,5471.69,1392477.4,844336.48,-548140.92,Excellent,South
288,Gujarat,Surat,2022,Rabi,Potato,448.33,9500.11,21.19,346.1,32.1,78.8,Red,Canal,30052.9,3997.82,Medium,No,5,1434.19,26586968.39,13624962.76,-12962005.63,Average,West
289,Odisha,Sambalpur,2018,Whole Year,Rice,28.97,66.34,2.29,442.7,38.2,73.4,Laterite,Tube Well,1762.93,213.59,Large,Yes,14,1941.37,1249869.44,128790.49,-1121078.95,Average,East
290,Madhya Pradesh,Bhopal,2018,Kharif,Maize,452.43,1162.75,2.57,1872.6,39.2,25.1,Black,Canal,49586.37,4429.71,Small,No,4,1502.41,13438321.65,1746927.23,-11691394.42,Poor,Central
291,Gujarat,Rajkot,2019,Rabi,Pulses,161.47,145.32,0.9,232.2,16.1,25.1,Alluvial,Drip,23583.83,459.96,Small,No,2,7314.19,2003356.5,1062898.09,-940458.41,Good,West
292,Odisha,Puri,2024,Rabi,Onion,8.8,105.95,12.04,620.3,13.1,72.1,Alluvial,Rain-fed,1206.4,85.49,Small,Yes,2,1999.53,398646.89,211850.2,-186796.69,Poor,East
293,Andhra Pradesh,Vijayawada,2020,Rabi,Potato,306.41,7356.9,24.01,973.5,24.7,64.6,Red,Canal,54579.13,3598.7,Medium,No,12,1206.03,16523612.8,8872642.11,-7650970.69,Good,South
294,Madhya Pradesh,Jabalpur,2018,Kharif,Cotton,398.51,330.76,0.83,1475.8,16.2,73.6,Black,Canal,51918.09,1648.12,Small,No,4,5086.63,19331888.32,1682453.74,-17649434.58,Average,Central
295,Uttar Pradesh,Kanpur,2018,Kharif,Bajra,36.36,55.63,1.53,1781.3,24.7,79.8,Alluvial,Drip,5419.7,166.8,Small,No,2,1625.32,443832.98,90416.55,-353416.43,Average,North
296,Karnataka,Bengaluru,2024,Kharif,Maize,464.02,1535.91,3.31,495.6,35.2,70.6,Alluvial,Drip,40381.24,627.84,Medium,No,5,1810.99,11331417.1,2781517.65,-8549899.45,Good,South
297,Rajasthan,Jodhpur,2022,Rabi,Barley,394.98,1200.74,3.04,592.8,44.0,88.4,Black,Rain-fed,63187.45,2520.5,Large,No,24,1639.59,8808124.13,1968721.3,-6839402.83,Average,North
298,Madhya Pradesh,Bhopal,2023,Kharif,Groundnut,446.02,561.99,1.26,1763.7,10.2,98.4,Black,Rain-fed,63641.11,2919.82,Small,No,1,5178.66,10529494.04,2910355.13,-7619138.91,Average,Central
299,Punjab,Jalandhar,2021,Rabi,Maize,148.6,359.61,2.42,1491.4,20.7,76.3,Sandy,Tube Well,6451.9,892.08,Medium,No,10,1410.97,4487976.36,507398.92,-3980577.44,Average,North
300,West Bengal,Kolkata,2019,Rabi,Groundnut,265.93,531.86,2.0,2124.4,31.4,66.0,Red,Canal,33736.87,1247.91,Large,No,21,5831.97,5761239.99,3101791.56,-2659448.43,Good,East
301,Andhra Pradesh,Vijayawada,2023,Kharif,Soybean,324.44,577.5,1.78,2343.4,14.8,46.8,Sandy,Canal,42457.96,2956.03,Medium,No,7,4253.17,8075803.69,2456205.67,-5619598.02,Good,South
302,Assam,Dibrugarh,2024,Whole Year,Sugarcane,32.62,2240.02,68.67,1627.4,14.3,76.8,Clay,Tube Well,5412.41,194.8,Small,No,1,298.84,3110615.77,669407.58,-2441208.19,Good,Northeast
303,Gujarat,Surat,2022,Rabi,Wheat,83.22,208.88,2.51,536.4,17.1,96.2,Black,Sprinkler,8181.79,707.91,Large,No,23,2066.32,2630111.51,431612.92,-2198498.59,Average,West
304,Haryana,Karnal,2021,Kharif,Tomato,206.43,5701.6,27.62,1046.3,30.8,75.7,Sandy,Rain-fed,21493.7,1494.51,Large,No,18,994.82,11976362.83,5672065.71,-6304297.12,Good,North
305,Odisha,Bhubaneswar,2020,Kharif,Soybean,228.51,434.17,1.9,2164.3,20.0,97.9,Clay,Drip,14299.16,522.39,Large,No,24,3760.41,3975721.08,1632657.21,-2343063.87,Good,East
306,Punjab,Patiala,2023,Rabi,Maize,224.77,993.48,4.42,452.3,10.9,94.5,Red,Rain-fed,38186.98,610.61,Large,No,26,1498.77,6265760.22,1488998.02,-4776762.2,Good,North
307,Maharashtra,Kolhapur,2020,Zaid,Onion,170.0,2738.7,16.11,216.2,33.7,29.4,Black,Rain-fed,21497.02,582.08,Small,No,5,1733.71,8429583.63,4748111.58,-3681472.05,Good,West
308,Assam,Dibrugarh,2021,Kharif,Rice,269.67,976.21,3.62,353.4,27.9,35.6,Alluvial,Tube Well,33630.79,3068.15,Large,No,14,2001.17,9048186.15,1953562.17,-7094623.98,Good,Northeast
309,Punjab,Patiala,2023,Kharif,Soybean,488.78,601.2,1.23,2210.8,25.5,99.4,Laterite,Sprinkler,30759.24,4402.93,Large,No,23,3639.57,11062724.35,2188109.48,-8874614.87,Good,North
310,Madhya Pradesh,Jabalpur,2025,Kharif,Tomato,33.99,1193.39,35.11,356.5,24.3,93.2,Laterite,Drip,4004.5,299.54,Medium,Yes,6,1974.23,2113175.18,2356026.34,242851.16,Good,Central
311,Maharashtra,Kolhapur,2022,Kharif,Bajra,113.04,151.47,1.34,970.5,32.4,70.9,Black,Sprinkler,11123.36,724.67,Medium,No,5,1858.83,1687743.97,281556.98,-1406186.99,Poor,West
312,Andhra Pradesh,Guntur,2025,Rabi,Barley,434.3,1224.73,2.82,2113.3,14.2,61.0,Sandy,Canal,68766.72,1212.27,Small,No,2,1678.69,6744194.01,2055942.0,-4688252.01,Good,South
313,Telangana,Nizamabad,2018,Whole Year,Sugarcane,265.28,21896.21,82.54,2322.7,16.4,27.6,Red,Tube Well,22592.56,1188.01,Medium,No,8,348.54,23220983.89,7631705.03,-15589278.86,Excellent,South
314,Andhra Pradesh,Guntur,2020,Kharif,Rice,259.57,802.07,3.09,1086.9,41.9,28.2,Red,Tube Well,18418.02,797.55,Large,No,26,2092.25,10188367.16,1678130.96,-8510236.2,Poor,South
315,Bihar,Patna,2024,Kharif,Bajra,59.17,53.84,0.91,1109.8,34.2,31.1,Laterite,Tube Well,6700.23,690.59,Small,No,1,1533.41,1098677.56,82558.79,-1016118.77,Good,East
316,Madhya Pradesh,Jabalpur,2020,Kharif,Cotton,490.57,328.68,0.67,424.0,10.7,58.7,Laterite,Canal,33108.15,667.53,Medium,No,11,5237.84,17820108.2,1721573.25,-16098534.95,Excellent,Central
317,Telangana,Hyderabad,2019,Rabi,Onion,460.13,9948.01,21.62,635.9,22.3,27.3,Clay,Sprinkler,79524.65,2220.68,Small,No,5,1214.37,22664109.87,12080564.9,-10583544.97,Excellent,South
318,Andhra Pradesh,Vijayawada,2021,Rabi,Potato,482.17,11437.07,23.72,112.6,35.4,93.9,Sandy,Rain-fed,44024.45,3608.17,Small,No,2,1467.79,33481418.89,16787216.98,-16694201.91,Good,South
319,Tamil Nadu,Coimbatore,2024,Rabi,Wheat,62.68,155.45,2.48,2310.6,34.7,64.6,Black,Canal,5386.48,142.47,Small,No,3,2212.23,2202551.58,343891.15,-1858660.43,Good,South
320,Gujarat,Rajkot,2024,Kharif,Cotton,447.48,375.88,0.84,1165.6,10.4,73.9,Clay,Canal,42730.66,3020.17,Medium,Yes,10,6776.51,14562365.77,2547154.58,-12015211.19,Average,West
321,Uttar Pradesh,Lucknow,2023,Kharif,Cotton,100.93,55.51,0.55,775.3,24.9,59.9,Clay,Tube Well,12425.59,940.6,Medium,No,9,5951.65,4549837.18,330376.09,-4219461.09,Good,North
322,Karnataka,Mangaluru,2022,Rabi,Maize,54.91,189.99,3.46,1922.3,14.7,28.0,Black,Canal,6025.76,71.07,Small,No,3,1391.64,1466510.73,264397.68,-1202113.05,Good,South
323,Haryana,Sirsa,2025,Zaid,Onion,101.76,1960.92,19.27,858.8,22.0,88.8,Sandy,Canal,17641.24,137.13,Small,No,4,1485.15,5731312.19,2912260.34,-2819051.85,Good,North
324,Punjab,Ludhiana,2020,Rabi,Jowar,442.47,557.51,1.26,1006.1,23.6,81.1,Sandy,Rain-fed,58587.9,3778.3,Medium,No,6,1854.68,6156460.41,1034002.65,-5122457.76,Average,North
325,Gujarat,Bhavnagar,2023,Zaid,Onion,160.92,1737.94,10.8,2527.1,22.2,79.4,Black,Sprinkler,15010.66,918.79,Large,No,11,1759.61,6628350.84,3058096.6,-3570254.24,Average,West
326,Andhra Pradesh,Vijayawada,2019,Kharif,Tomato,58.12,1421.62,24.46,208.4,33.0,53.8,Sandy,Rain-fed,4494.22,503.06,Medium,No,10,1441.46,3271269.55,2049208.37,-1222061.18,Good,South
327,Karnataka,Bengaluru,2021,Kharif,Soybean,251.88,382.86,1.52,1883.0,22.7,54.9,Laterite,Canal,39709.71,1736.5,Small,Yes,5,4273.41,6210742.27,1636117.75,-4574624.52,Good,South
328,Odisha,Puri,2019,Rabi,Barley,137.41,391.62,2.85,1338.6,22.2,26.1,Alluvial,Tube Well,20965.71,791.76,Small,No,4,1625.63,2769318.86,636629.22,-2132689.64,Average,East
329,Tamil Nadu,Coimbatore,2018,Rabi,Pulses,288.84,387.05,1.34,2252.4,26.4,95.0,Sandy,Tube Well,46037.76,3170.08,Large,No,11,6305.67,4518250.95,2440609.57,-2077641.38,Excellent,South
330,Uttar Pradesh,Meerut,2024,Rabi,Groundnut,430.23,942.2,2.19,2553.3,19.3,43.0,Red,Sprinkler,58579.98,1547.72,Small,Yes,1,5917.25,11600031.42,5575232.95,-6024798.47,Good,North
331,Gujarat,Vadodara,2018,Kharif,Cotton,137.08,82.25,0.6,905.5,29.3,71.5,Black,Rain-fed,20495.2,220.51,Large,No,19,6734.34,7198670.13,553899.46,-6644770.67,Good,West
332,Rajasthan,Jaipur,2024,Zaid,Tomato,118.78,3215.37,27.07,449.9,33.2,66.4,Sandy,Sprinkler,13006.78,236.7,Medium,No,9,1128.07,7774319.4,3627162.44,-4147156.96,Good,North
333,West Bengal,Howrah,2024,Kharif,Cotton,54.3,21.72,0.4,1284.3,40.2,24.5,Sandy,Sprinkler,7490.49,121.77,Small,No,2,6926.63,2822831.03,150446.4,-2672384.63,Poor,East
334,Rajasthan,Udaipur,2023,Kharif,Tomato,11.52,371.64,32.26,2540.3,33.2,95.3,Clay,Drip,868.81,60.27,Medium,No,5,1395.38,613709.18,518579.02,-95130.16,Excellent,North
335,Punjab,Jalandhar,2022,Whole Year,Sugarcane,468.22,32986.1,70.45,2592.3,15.6,55.1,Alluvial,Rain-fed,70469.19,1879.62,Small,No,4,327.11,35827469.94,10790083.17,-25037386.77,Poor,North
336,West Bengal,Siliguri,2019,Zaid,Tomato,349.54,8399.45,24.03,1846.1,38.5,79.0,Laterite,Canal,51269.33,2815.58,Small,No,2,704.0,18177001.43,5913212.8,-12263788.63,Average,East
337,Andhra Pradesh,Vijayawada,2019,Kharif,Maize,258.67,1448.55,5.6,2313.2,39.6,74.9,Alluvial,Rain-fed,27670.23,2350.51,Small,No,3,1779.72,5375496.82,2578013.41,-2797483.41,Excellent,South
338,Uttar Pradesh,Agra,2024,Zaid,Tomato,11.35,267.41,23.56,1874.8,18.0,27.1,Laterite,Drip,869.97,117.7,Small,No,5,1038.21,546129.59,277627.74,-268501.85,Average,North
339,Andhra Pradesh,Vijayawada,2018,Rabi,Potato,386.91,11967.13,30.93,1533.0,17.9,36.3,Alluvial,Sprinkler,55909.28,2013.02,Small,No,2,1596.17,18760885.7,19101573.89,340688.19,Good,South
340,Gujarat,Surat,2024,Rabi,Onion,15.36,264.35,17.21,1407.8,18.7,66.6,Clay,Rain-fed,798.77,94.58,Large,No,22,1792.91,811521.0,473955.76,-337565.24,Poor,West
341,West Bengal,Asansol,2022,Rabi,Wheat,278.94,1121.34,4.02,1465.7,22.4,68.5,Clay,Tube Well,38867.29,2763.84,Small,No,4,1981.5,7560541.13,2221935.21,-5338605.92,Good,East
342,Assam,Nagaon,2018,Rabi,Barley,130.89,445.03,3.4,2645.9,14.6,45.4,Sandy,Rain-fed,7833.95,299.12,Small,Yes,3,2314.74,2333671.2,1030128.74,-1303542.46,Average,Northeast
343,Andhra Pradesh,Guntur,2023,Kharif,Groundnut,158.46,389.81,2.46,538.7,39.9,72.6,Laterite,Canal,10529.48,253.57,Small,No,2,5558.94,4206550.15,2166930.4,-2039619.75,Poor,South
344,Assam,Jorhat,2018,Kharif,Bajra,494.42,850.4,1.72,426.2,35.2,31.8,Alluvial,Canal,33879.0,2039.62,Medium,No,8,1737.95,8222885.31,1477952.68,-6744932.63,Good,Northeast
345,Punjab,Bathinda,2020,Kharif,Groundnut,123.83,141.17,1.14,1053.1,19.9,98.5,Black,Rain-fed,11429.28,1389.45,Small,No,1,4621.59,4019582.28,652429.86,-3367152.42,Average,North
346,Karnataka,Belagavi,2018,Kharif,Soybean,328.43,518.92,1.58,2221.5,35.7,96.6,Sandy,Drip,22855.89,504.31,Medium,No,4,4243.8,7262582.73,2202192.7,-5060390.03,Good,South
347,Haryana,Panipat,2022,Kharif,Maize,482.56,1240.18,2.57,2571.8,15.7,82.4,Alluvial,Drip,27450.08,3088.04,Small,No,3,1842.24,12763321.37,2284709.2,-10478612.17,Average,North
348,Haryana,Rohtak,2021,Kharif,Bajra,442.82,810.36,1.83,1326.9,36.5,84.9,Sandy,Drip,44625.11,2517.96,Small,No,4,1805.86,7295949.34,1463396.71,-5832552.63,Average,North
349,Assam,Jorhat,2019,Whole Year,Sugarcane,219.24,17644.44,80.48,531.0,14.5,92.2,Red,Tube Well,21898.23,1590.34,Medium,No,12,290.76,16880721.62,5130297.37,-11750424.25,Excellent,Northeast
350,Telangana,Khammam,2022,Kharif,Soybean,293.2,322.52,1.1,2247.5,26.2,82.9,Laterite,Canal,15146.91,3120.91,Small,No,4,4257.35,6113021.44,1373080.52,-4739940.92,Poor,South
351,Rajasthan,Jodhpur,2021,Kharif,Maize,373.77,1947.34,5.21,408.4,28.7,20.5,Black,Canal,23937.33,2335.43,Medium,No,11,1481.68,10982803.38,2885334.73,-8097468.65,Good,North
352,West Bengal,Siliguri,2022,Rabi,Wheat,68.42,271.63,3.97,2118.5,16.6,22.1,Laterite,Drip,8960.53,396.4,Medium,No,7,1851.66,2316357.78,502966.41,-1813391.37,Excellent,East
353,Gujarat,Ahmedabad,2019,Kharif,Maize,369.65,1345.53,3.64,156.9,25.7,39.4,Alluvial,Tube Well,57710.91,1962.5,Small,Yes,4,2302.46,10468153.98,3098029.0,-7370124.98,Good,West
354,Tamil Nadu,Madurai,2018,Kharif,Bajra,243.56,479.81,1.97,2068.1,38.6,59.0,Clay,Canal,27756.89,1374.18,Small,Yes,4,2075.37,3952240.06,995783.28,-2956456.78,Good,South
355,Karnataka,Hubballi,2018,Rabi,Maize,363.38,1271.83,3.5,1572.1,30.6,74.8,Sandy,Rain-fed,21207.66,1536.13,Medium,No,9,1777.58,10609449.91,2260779.57,-8348670.34,Poor,South
356,Andhra Pradesh,Visakhapatnam,2022,Rabi,Potato,333.86,5338.42,15.99,1856.7,13.5,53.3,Laterite,Sprinkler,24325.26,2378.8,Large,No,18,1085.64,14942960.62,5795602.29,-9147358.33,Poor,South
357,Assam,Nagaon,2018,Rabi,Onion,169.53,2241.19,13.22,1729.7,27.0,99.5,Alluvial,Canal,25058.79,1208.28,Large,No,26,1685.58,6374929.93,3777705.04,-2597224.89,Good,Northeast
358,Karnataka,Hubballi,2019,Rabi,Wheat,411.98,976.39,2.37,1926.8,40.5,92.9,Red,Sprinkler,57324.08,3865.04,Small,No,2,2188.26,10720928.95,2136595.18,-8584333.77,Good,South
359,Odisha,Cuttack,2025,Kharif,Groundnut,123.41,203.63,1.65,1564.6,13.0,49.8,Laterite,Sprinkler,15811.49,456.61,Medium,No,7,4706.99,3262015.42,958484.37,-2303531.05,Poor,East
360,Assam,Jorhat,2023,Whole Year,Rice,73.65,252.62,3.43,2836.6,13.0,45.2,Red,Rain-fed,3579.8,688.71,Medium,No,4,2184.41,3284859.34,551825.65,-2733033.69,Average,Northeast
361,Assam,Nagaon,2022,Rabi,Groundnut,443.01,1085.37,2.45,2192.5,21.0,47.5,Alluvial,Tube Well,55578.33,1158.68,Small,No,5,5436.54,12968148.41,5900657.42,-7067490.99,Excellent,Northeast
362,Rajasthan,Udaipur,2021,Rabi,Mustard,43.06,60.71,1.41,2184.8,40.8,61.6,Sandy,Sprinkler,3010.88,285.42,Small,No,2,4028.11,986211.51,244546.56,-741664.95,Average,North
363,Maharashtra,Nagpur,2022,Rabi,Potato,493.49,6928.6,14.04,1181.6,31.9,48.4,Black,Canal,50742.2,3600.89,Small,No,2,1444.31,34381449.47,10007046.27,-24374403.2,Average,West
364,Assam,Nagaon,2021,Kharif,Soybean,142.98,288.82,2.02,2050.1,35.0,61.6,Red,Canal,12281.78,1058.92,Medium,No,5,3646.55,2935950.99,1053196.57,-1882754.42,Excellent,Northeast
365,Haryana,Karnal,2024,Rabi,Mustard,238.65,322.18,1.35,1626.1,30.6,61.5,Laterite,Sprinkler,29068.17,1909.46,Large,No,25,4878.06,4336085.19,1571613.37,-2764471.82,Good,North
366,Tamil Nadu,Coimbatore,2025,Rabi,Potato,65.56,1944.51,29.66,442.4,17.4,57.9,Clay,Drip,11287.45,331.91,Large,No,23,888.27,3349301.68,1727249.9,-1622051.78,Excellent,South
367,Tamil Nadu,Coimbatore,2019,Kharif,Soybean,495.52,738.32,1.49,2394.5,15.0,67.2,Black,Sprinkler,81497.19,1670.59,Medium,No,5,4047.54,7868034.54,2988379.73,-4879654.81,Good,South
368,Karnataka,Mangaluru,2022,Rabi,Barley,450.24,1323.71,2.94,2188.1,31.2,81.0,Sandy,Rain-fed,66020.96,3754.74,Small,No,1,1899.91,9745455.21,2514929.87,-7230525.34,Good,South
369,Madhya Pradesh,Gwalior,2023,Kharif,Jowar,479.08,977.32,2.04,1973.2,40.3,76.6,Sandy,Sprinkler,56793.12,1131.39,Medium,No,12,1903.8,5044110.61,1860621.82,-3183488.79,Good,Central
370,Madhya Pradesh,Gwalior,2018,Rabi,Wheat,481.23,1333.01,2.77,2506.1,39.4,66.4,Black,Tube Well,60134.34,2608.16,Small,No,1,2003.97,11188185.62,2671312.05,-8516873.57,Excellent,Central
371,Tamil Nadu,Madurai,2024,Whole Year,Sugarcane,58.21,3118.31,53.57,517.7,18.9,27.2,Alluvial,Rain-fed,7858.65,95.93,Large,No,11,309.8,3722516.03,966052.44,-2756463.59,Good,South
372,Assam,Dibrugarh,2022,Kharif,Groundnut,26.89,47.06,1.75,785.8,27.8,60.4,Black,Sprinkler,1303.86,164.38,Small,No,4,5450.31,906355.05,256491.59,-649863.46,Excellent,Northeast
373,Tamil Nadu,Tiruchirappalli,2019,Kharif,Cotton,153.0,50.49,0.33,1943.8,17.1,97.4,Alluvial,Tube Well,27225.31,1469.15,Small,No,5,5903.48,4593829.05,298066.71,-4295762.34,Average,South
374,Odisha,Puri,2022,Rabi,Pulses,1.27,1.49,1.17,1833.8,39.4,50.4,Alluvial,Drip,154.84,8.4,Small,No,5,5174.84,16379.38,7710.51,-8668.87,Average,East
375,Odisha,Cuttack,2022,Rabi,Mustard,106.21,191.18,1.8,2663.4,43.1,70.8,Clay,Rain-fed,8307.94,879.95,Small,No,5,4394.15,2457718.77,840073.6,-1617645.17,Excellent,East
376,Assam,Guwahati,2025,Kharif,Rice,336.68,1390.49,4.13,2139.6,36.7,63.1,Clay,Canal,38856.54,3642.3,Medium,No,5,1747.1,13889943.81,2429325.08,-11460618.73,Good,Northeast
377,Rajasthan,Udaipur,2020,Zaid,Tomato,63.26,1293.67,20.45,127.2,36.0,80.7,Clay,Sprinkler,4226.5,631.28,Medium,No,7,1004.54,3940041.78,1299543.26,-2640498.52,Average,North
378,Maharashtra,Aurangabad,2021,Kharif,Rice,492.15,1166.4,2.37,904.3,27.5,33.6,Red,Tube Well,65999.57,3756.43,Small,No,1,1589.2,21492814.55,1853642.88,-19639171.67,Poor,West
379,Assam,Nagaon,2022,Kharif,Cotton,495.98,297.59,0.6,833.5,29.6,56.3,Laterite,Canal,79128.83,2258.19,Medium,No,5,6360.35,20664842.13,1892776.56,-18772065.57,Good,Northeast
380,Bihar,Patna,2021,Whole Year,Rice,459.28,1295.17,2.82,1236.4,21.7,90.4,Black,Drip,81261.97,2600.45,Small,No,2,1730.46,12059260.99,2241239.88,-9818021.11,Average,East
381,Punjab,Jalandhar,2024,Rabi,Onion,296.67,5034.49,16.97,826.2,13.8,39.1,Alluvial,Canal,45992.37,1992.56,Small,Yes,5,2051.34,15021505.4,10327450.72,-4694054.68,Average,North
382,Haryana,Karnal,2018,Rabi,Groundnut,445.15,1023.84,2.3,279.8,38.1,24.4,Sandy,Rain-fed,21906.11,3762.95,Medium,No,10,5102.52,13024879.62,5224164.08,-7800715.54,Excellent,North
383,Odisha,Puri,2018,Kharif,Bajra,232.64,439.69,1.89,393.7,32.8,74.1,Black,Rain-fed,26151.02,1736.88,Small,Yes,1,2138.75,4430326.35,940386.99,-3489939.36,Excellent,East
384,Tamil Nadu,Madurai,2023,Rabi,Groundnut,362.59,485.87,1.34,2411.4,12.1,44.9,Laterite,Tube Well,63222.57,3371.4,Small,No,2,4721.11,8930633.84,2293845.72,-6636788.12,Average,South
385,Rajasthan,Jaipur,2020,Kharif,Rice,254.05,1158.47,4.56,1324.0,16.8,36.0,Red,Canal,22309.98,2120.42,Medium,No,9,2096.41,9227588.39,2428628.09,-6798960.3,Excellent,North
386,Maharashtra,Aurangabad,2023,Kharif,Maize,227.7,530.54,2.33,736.3,10.1,37.8,Red,Rain-fed,28997.32,826.37,Medium,No,9,1784.36,5296931.65,946674.35,-4350257.3,Average,West
387,Odisha,Bhubaneswar,2023,Kharif,Rice,179.59,429.22,2.39,1377.2,32.1,93.0,Alluvial,Canal,31705.41,572.96,Small,No,3,2003.19,5710306.47,859809.21,-4850497.26,Average,East
388,Uttar Pradesh,Kanpur,2018,Rabi,Maize,455.41,1703.23,3.74,1198.9,37.6,28.9,Red,Sprinkler,47302.76,2307.13,Small,No,5,1886.26,14558423.37,3212734.62,-11345688.75,Average,North
389,Assam,Guwahati,2019,Kharif,Maize,397.65,1200.9,3.02,1185.3,31.0,98.2,Red,Canal,58387.56,2966.7,Large,No,14,1496.61,7454198.04,1797278.95,-5656919.09,Poor,Northeast
390,Odisha,Cuttack,2025,Kharif,Cotton,392.55,259.08,0.66,585.6,23.6,90.6,Sandy,Sprinkler,43102.89,2397.28,Small,No,4,6431.3,16632265.24,1666221.2,-14966044.04,Good,East
391,Gujarat,Bhavnagar,2018,Kharif,Cotton,447.55,183.5,0.41,733.9,24.9,50.2,Red,Sprinkler,33850.04,864.82,Medium,No,12,5703.15,19960307.34,1046528.02,-18913779.32,Average,West
392,Andhra Pradesh,Guntur,2024,Kharif,Bajra,216.82,364.26,1.68,891.8,10.9,55.3,Alluvial,Canal,19572.99,413.39,Medium,No,5,1871.52,4177266.95,681719.88,-3495547.07,Excellent,South
393,Haryana,Rohtak,2018,Kharif,Jowar,167.55,202.74,1.21,2261.1,36.9,87.6,Red,Tube Well,30111.99,2007.66,Medium,No,8,1505.97,2177268.94,305320.36,-1871948.58,Poor,North
394,Bihar,Muzaffarpur,2024,Zaid,Tomato,236.53,7346.62,31.06,532.9,23.9,38.2,Clay,Drip,25171.84,1578.62,Medium,No,11,1142.86,11354777.57,8396158.13,-2958619.44,Good,East
395,Gujarat,Vadodara,2021,Kharif,Bajra,426.62,443.68,1.04,2633.9,20.7,79.0,Laterite,Sprinkler,37361.3,2393.6,Medium,No,12,1579.78,6770267.79,700916.79,-6069351.0,Average,West
396,Punjab,Amritsar,2020,Kharif,Soybean,490.11,656.75,1.34,1650.0,16.6,28.7,Sandy,Rain-fed,63449.87,2132.52,Small,No,2,3532.06,11741721.69,2319680.4,-9422041.29,Average,North
397,Uttar Pradesh,Kanpur,2019,Rabi,Mustard,142.62,218.21,1.53,302.9,12.0,61.5,Red,Sprinkler,22870.4,787.19,Small,Yes,5,5396.35,2551461.67,1177537.53,-1373924.14,Average,North
398,Madhya Pradesh,Bhopal,2021,Whole Year,Sugarcane,409.13,26000.21,63.55,1767.8,20.9,36.2,Clay,Rain-fed,32141.96,442.63,Small,Yes,4,374.31,29930174.57,9732138.61,-20198035.96,Average,Central
399,Karnataka,Hubballi,2025,Rabi,Barley,368.91,1147.31,3.11,1423.3,34.5,76.9,Alluvial,Rain-fed,46417.68,3655.84,Small,No,5,1866.62,7222623.84,2141591.79,-5081032.05,Average,South
400,Uttar Pradesh,Varanasi,2019,Kharif,Groundnut,120.61,189.36,1.57,1921.4,20.2,93.3,Clay,Drip,20168.78,666.26,Medium,Yes,9,4942.66,3798984.18,935942.1,-2863042.08,Average,North
401,Karnataka,Mysuru,2022,Kharif,Cotton,231.62,129.71,0.56,2274.2,23.3,79.7,Red,Rain-fed,10489.71,870.12,Medium,Yes,11,6349.46,10124275.46,823588.46,-9300687.0,Good,South
402,Karnataka,Mysuru,2025,Kharif,Tomato,420.94,6945.51,16.5,391.5,20.3,62.8,Laterite,Drip,21409.83,3956.62,Medium,No,9,931.32,29467664.57,6468492.37,-22999172.2,Poor,South
403,Tamil Nadu,Coimbatore,2025,Rabi,Potato,418.41,11263.6,26.92,2177.6,41.4,51.2,Alluvial,Rain-fed,19806.75,439.88,Medium,No,7,1099.72,19730629.7,12386806.19,-7343823.51,Excellent,South
404,Gujarat,Ahmedabad,2018,Kharif,Soybean,340.3,636.36,1.87,380.1,39.2,73.1,Clay,Drip,15708.84,2258.74,Medium,No,7,4124.67,9237870.84,2624775.0,-6613095.84,Good,West
405,Gujarat,Ahmedabad,2021,Kharif,Cotton,178.93,80.52,0.45,1017.1,23.6,56.7,Black,Sprinkler,23438.45,905.17,Small,No,3,6535.09,7602628.45,526205.45,-7076423.0,Poor,West
406,West Bengal,Asansol,2020,Whole Year,Sugarcane,300.33,27278.97,90.83,2065.9,44.0,75.5,Alluvial,Drip,38727.4,3220.63,Small,No,4,286.75,18231818.54,7822244.65,-10409573.89,Average,East
407,Karnataka,Hubballi,2021,Kharif,Jowar,117.07,249.36,2.13,995.7,35.8,80.6,Sandy,Canal,5664.93,599.37,Small,No,2,1949.43,1449401.49,486109.86,-963291.63,Good,South
408,Karnataka,Belagavi,2020,Whole Year,Sugarcane,322.16,25434.53,78.95,2934.9,32.7,43.1,Black,Drip,51085.19,1496.1,Small,No,2,360.15,28302117.44,9160245.98,-19141871.46,Good,South
409,Odisha,Sambalpur,2023,Rabi,Maize,315.26,1018.29,3.23,2865.6,11.8,99.4,Red,Drip,16660.33,2370.42,Medium,No,7,1604.45,7555949.1,1633795.39,-5922153.71,Average,East
410,Uttar Pradesh,Kanpur,2021,Kharif,Groundnut,303.32,530.81,1.75,2906.4,17.0,89.0,Laterite,Canal,52517.39,1503.07,Small,No,4,5257.94,9410175.89,2790967.13,-6619208.76,Average,North
411,Odisha,Sambalpur,2018,Zaid,Onion,214.27,4458.96,20.81,970.7,28.8,64.2,Red,Sprinkler,19983.47,935.14,Small,No,4,993.52,8231483.9,4430065.94,-3801417.96,Good,East
412,Uttar Pradesh,Kanpur,2018,Whole Year,Rice,246.24,1209.04,4.91,2914.4,23.1,59.2,Clay,Tube Well,12305.3,2643.39,Large,Yes,28,1940.56,10869510.7,2346214.66,-8523296.04,Good,North
413,Bihar,Bhagalpur,2025,Kharif,Pulses,348.53,522.79,1.5,2233.4,18.5,22.8,Alluvial,Canal,47973.76,2822.63,Small,No,2,5635.72,6281031.05,2946298.06,-3334732.99,Average,East
414,Odisha,Cuttack,2018,Rabi,Wheat,322.55,1238.59,3.84,1799.9,41.5,61.5,Red,Rain-fed,20390.1,1837.11,Medium,No,12,2195.09,8673432.39,2718816.52,-5954615.87,Good,East
415,Gujarat,Ahmedabad,2019,Kharif,Pulses,407.3,297.33,0.73,2270.0,34.5,20.5,Red,Rain-fed,16382.01,720.21,Medium,No,8,6832.61,5582593.33,2031539.93,-3551053.4,Average,West
416,West Bengal,Howrah,2021,Kharif,Bajra,251.8,410.43,1.63,716.5,17.0,80.0,Red,Sprinkler,44722.85,2666.0,Small,No,1,1921.02,2936305.6,788444.24,-2147861.36,Average,East
417,Gujarat,Ahmedabad,2022,Rabi,Wheat,15.8,52.61,3.33,2305.5,10.3,41.3,Black,Tube Well,2377.73,23.08,Small,No,4,2161.79,596673.46,113731.77,-482941.69,Poor,West
418,Assam,Jorhat,2025,Zaid,Onion,302.58,6003.19,19.84,1094.9,21.0,39.2,Alluvial,Rain-fed,28134.19,493.1,Small,No,1,904.01,17175511.26,5426943.79,-11748567.47,Good,Northeast
419,Odisha,Cuttack,2018,Rabi,Barley,434.63,1238.7,2.85,2463.7,22.9,69.5,Clay,Rain-fed,48716.79,3591.14,Small,No,3,1508.32,8085011.65,1868355.98,-6216655.67,Excellent,East
420,Bihar,Bhagalpur,2025,Kharif,Cotton,200.68,70.24,0.35,1341.0,42.6,94.5,Clay,Canal,28656.88,849.38,Small,Yes,5,8150.04,9615911.46,572458.81,-9043452.65,Good,East
421,Karnataka,Bengaluru,2022,Kharif,Tomato,84.86,1666.65,19.64,2021.7,18.4,36.9,Clay,Canal,4647.42,1012.12,Small,No,3,1873.44,6094713.84,3122368.78,-2972345.06,Good,South
422,Maharashtra,Aurangabad,2019,Rabi,Pulses,461.45,498.37,1.08,2407.1,21.6,37.9,Sandy,Tube Well,22635.68,2203.65,Large,No,22,6634.8,9160160.35,3306585.28,-5853575.07,Poor,West
423,Gujarat,Surat,2021,Whole Year,Sugarcane,146.2,8641.88,59.11,1817.4,16.6,95.4,Sandy,Sprinkler,8455.98,650.17,Small,No,3,286.19,11904206.58,2473219.64,-9430986.94,Poor,West
424,Gujarat,Rajkot,2023,Rabi,Onion,260.36,3993.92,15.34,1246.4,28.8,56.8,Red,Sprinkler,40931.28,1691.86,Small,No,2,1871.18,14639570.7,7473343.23,-7166227.47,Poor,West
425,Punjab,Bathinda,2023,Whole Year,Sugarcane,137.45,11397.35,82.92,1930.1,17.5,43.3,Laterite,Canal,24378.13,641.15,Medium,No,7,350.04,8536009.54,3989528.39,-4546481.15,Average,North
426,Uttar Pradesh,Agra,2024,Whole Year,Sugarcane,495.54,33582.75,67.77,2065.9,44.7,80.6,Laterite,Canal,56441.12,2038.37,Medium,No,12,319.38,32327060.99,10725658.7,-21601402.29,Poor,North
427,Andhra Pradesh,Vijayawada,2022,Kharif,Bajra,289.0,488.41,1.69,2701.9,17.3,84.3,Red,Canal,26215.65,3010.67,Small,No,2,1625.93,5730004.57,794120.47,-4935884.1,Average,South
428,Uttar Pradesh,Lucknow,2019,Kharif,Soybean,90.64,170.4,1.88,1985.3,30.8,97.6,Clay,Rain-fed,6734.56,209.09,Small,No,5,4454.56,2128803.72,759057.02,-1369746.7,Good,North
429,West Bengal,Kolkata,2025,Kharif,Tomato,138.33,3508.05,25.36,448.0,12.9,59.1,Clay,Tube Well,9889.34,1031.3,Large,No,13,1732.65,7101638.21,6078222.83,-1023415.38,Average,East
430,Telangana,Karimnagar,2022,Rabi,Barley,50.62,147.81,2.92,2406.2,16.5,85.0,Black,Rain-fed,5965.49,349.31,Medium,No,12,1918.57,1032132.58,283583.83,-748548.75,Average,South
431,Telangana,Hyderabad,2021,Rabi,Pulses,91.15,71.1,0.78,1708.7,38.0,29.8,Red,Tube Well,6277.7,252.79,Medium,No,4,5211.53,1207479.65,370539.78,-836939.87,Average,South
432,Tamil Nadu,Coimbatore,2024,Rabi,Pulses,124.92,156.15,1.25,2723.4,20.3,62.7,Red,Tube Well,13574.06,554.93,Large,No,29,6345.52,1761171.51,990852.95,-770318.56,Excellent,South
433,Odisha,Bhubaneswar,2021,Kharif,Rice,71.69,201.45,2.81,489.2,29.3,67.3,Alluvial,Drip,10185.33,404.49,Small,No,2,1780.04,1911619.69,358589.06,-1553030.63,Average,East
434,Gujarat,Surat,2021,Rabi,Wheat,497.68,1552.76,3.12,1179.2,33.0,85.6,Sandy,Drip,49148.94,1337.97,Large,No,10,2378.41,12170743.67,3693099.91,-8477643.76,Average,West
435,Tamil Nadu,Chennai,2024,Rabi,Wheat,320.45,1003.01,3.13,892.4,40.4,38.1,Black,Canal,29738.35,3735.33,Small,Yes,1,2278.27,8177208.48,2285127.59,-5892080.89,Poor,South
436,Karnataka,Bengaluru,2023,Rabi,Potato,276.22,8112.58,29.37,595.2,43.1,51.2,Alluvial,Tube Well,32382.39,2956.17,Small,No,3,807.6,15304511.2,6551719.61,-8752791.59,Excellent,South
437,Uttar Pradesh,Kanpur,2024,Rabi,Barley,27.38,101.31,3.7,2151.8,18.7,68.7,Clay,Rain-fed,1797.08,324.42,Medium,No,8,1976.31,553238.82,200219.97,-353018.85,Good,North
438,Assam,Silchar,2022,Rabi,Pulses,473.78,407.45,0.86,361.4,12.8,78.4,Black,Drip,57111.5,914.6,Small,No,1,7405.42,7694109.61,3017338.38,-4676771.23,Average,Northeast
439,West Bengal,Howrah,2025,Kharif,Bajra,203.33,498.16,2.45,2263.2,35.0,76.2,Clay,Sprinkler,15085.39,1856.16,Large,No,26,1810.45,2119422.42,901893.77,-1217528.65,Excellent,East
440,Uttar Pradesh,Varanasi,2021,Kharif,Maize,184.16,530.38,2.88,247.6,27.3,33.6,Black,Sprinkler,30932.68,690.12,Small,No,1,1474.04,4560491.38,781801.34,-3778690.04,Average,North
441,Punjab,Bathinda,2024,Kharif,Cotton,464.63,292.72,0.63,2690.9,42.7,91.4,Laterite,Canal,41725.71,3610.56,Small,No,1,5699.44,22330507.98,1668340.08,-20662167.9,Good,North
442,Punjab,Ludhiana,2024,Kharif,Bajra,43.29,53.68,1.24,459.1,27.1,32.5,Clay,Sprinkler,3101.87,231.56,Small,No,2,1721.86,549558.62,92429.44,-457129.18,Poor,North
443,Telangana,Karimnagar,2020,Rabi,Maize,373.8,1622.29,4.34,2156.7,13.9,42.8,Red,Rain-fed,36986.69,1735.68,Small,No,4,1875.82,11872262.49,3043124.03,-8829138.46,Excellent,South
444,Karnataka,Mangaluru,2025,Rabi,Onion,163.12,4130.2,25.32,1555.4,42.3,87.4,Laterite,Drip,9030.75,356.69,Small,No,5,917.74,8500336.79,3790449.75,-4709887.04,Excellent,South
445,Odisha,Rourkela,2024,Rabi,Barley,217.73,557.39,2.56,2306.6,18.7,32.2,Sandy,Drip,16313.5,2054.07,Large,No,17,1833.17,4200357.73,1021790.63,-3178567.1,Average,East
446,Bihar,Patna,2020,Kharif,Cotton,115.46,32.33,0.28,2972.2,42.5,54.1,Sandy,Drip,6088.32,180.18,Small,No,2,5443.55,4693667.96,175989.97,-4517677.99,Good,East
447,Gujarat,Ahmedabad,2022,Rabi,Wheat,182.42,855.55,4.69,816.2,41.3,34.5,Black,Canal,24163.41,827.83,Small,No,5,1860.46,4255333.24,1591716.55,-2663616.69,Average,West
448,Rajasthan,Kota,2022,Rabi,Wheat,334.8,1509.95,4.51,477.9,22.6,84.8,Clay,Tube Well,38180.82,1703.3,Medium,No,10,1852.34,7337001.16,2796940.78,-4540060.38,Good,North
449,Andhra Pradesh,Vijayawada,2018,Rabi,Barley,97.27,205.24,2.11,2831.3,31.7,44.1,Laterite,Drip,11156.68,261.69,Small,No,3,1945.79,2197674.76,399353.94,-1798320.82,Poor,South
450,Tamil Nadu,Madurai,2023,Kharif,Bajra,455.51,646.82,1.42,2800.9,27.6,21.7,Sandy,Sprinkler,62650.33,1101.55,Small,No,2,1844.43,6365724.14,1193014.21,-5172709.93,Average,South
451,Odisha,Puri,2019,Rabi,Maize,375.61,1712.78,4.56,1262.5,19.5,34.7,Red,Tube Well,26477.91,3254.26,Large,No,24,1602.29,10550174.37,2744370.27,-7805804.1,Good,East
452,Odisha,Cuttack,2022,Rabi,Potato,276.52,3909.99,14.14,790.8,11.4,31.9,Alluvial,Drip,21530.09,2681.37,Medium,No,7,1227.68,11072413.52,4800216.52,-6272197.0,Average,East
453,Andhra Pradesh,Guntur,2023,Rabi,Wheat,361.32,1373.02,3.8,1041.4,12.0,85.3,Alluvial,Drip,51403.82,1472.95,Small,Yes,5,2235.07,9710712.6,3068795.81,-6641916.79,Average,South
454,Odisha,Puri,2021,Kharif,Tomato,111.1,2883.04,25.95,2442.4,36.4,32.5,Red,Rain-fed,10177.83,1213.64,Small,No,2,1760.28,5684305.88,5074957.65,-609348.23,Good,East
455,West Bengal,Howrah,2022,Whole Year,Rice,82.3,222.21,2.7,1862.7,12.4,25.8,Red,Rain-fed,13767.01,960.79,Small,No,1,1922.31,2679482.46,427156.51,-2252325.95,Excellent,East
456,Odisha,Bhubaneswar,2018,Kharif,Maize,385.29,1895.63,4.92,1838.9,37.7,20.8,Black,Tube Well,55118.98,1819.45,Medium,No,11,1755.8,11748826.78,3328347.15,-8420479.63,Good,East
457,Maharashtra,Nashik,2025,Kharif,Maize,28.88,128.23,4.44,456.9,38.9,28.2,Alluvial,Canal,3223.47,294.61,Small,No,1,1436.01,675658.08,184139.56,-491518.52,Good,West
458,Maharashtra,Nagpur,2024,Rabi,Pulses,246.42,226.71,0.92,2873.8,19.9,26.1,Alluvial,Canal,22293.39,2752.94,Small,Yes,2,6295.14,4434602.62,1427171.19,-3007431.43,Average,West
459,Uttar Pradesh,Meerut,2022,Kharif,Soybean,136.28,196.24,1.44,869.7,41.7,83.9,Black,Drip,20290.7,356.03,Small,No,4,4314.65,2244685.93,846706.92,-1397979.01,Average,North
460,West Bengal,Durgapur,2020,Rabi,Wheat,497.39,1522.01,3.06,1026.0,24.8,75.5,Laterite,Tube Well,75150.77,2321.87,Medium,No,7,2029.91,14866045.39,3089543.32,-11776502.07,Average,East
461,Karnataka,Mangaluru,2021,Kharif,Groundnut,290.9,529.44,1.82,2111.1,36.2,76.2,Red,Sprinkler,11752.73,3471.3,Small,No,2,5881.36,6077965.94,3113827.24,-2964138.7,Good,South
462,Odisha,Cuttack,2022,Kharif,Bajra,417.79,1015.23,2.43,1321.1,17.4,38.0,Clay,Drip,23568.79,3615.38,Small,No,4,1623.01,7108286.43,1647728.44,-5460557.99,Good,East
463,Haryana,Panipat,2020,Kharif,Rice,183.26,351.86,1.92,1750.6,38.5,32.0,Red,Rain-fed,26407.42,1691.34,Medium,No,10,2005.79,6208752.17,705757.27,-5502994.9,Average,North
464,Punjab,Patiala,2019,Kharif,Maize,440.7,1753.99,3.98,1559.6,10.4,86.6,Clay,Rain-fed,51818.31,4461.96,Large,No,17,1554.2,8900028.57,2726051.26,-6173977.31,Poor,North
465,Tamil Nadu,Salem,2020,Rabi,Potato,200.8,3634.48,18.1,2485.3,44.2,68.4,Black,Rain-fed,21453.13,1642.48,Small,No,1,1442.67,11927402.71,5243355.26,-6684047.45,Good,South
466,Haryana,Karnal,2019,Kharif,Soybean,15.0,23.1,1.54,289.4,30.9,80.5,Alluvial,Drip,1758.55,120.33,Small,No,5,4064.8,334929.17,93896.88,-241032.29,Poor,North
467,Punjab,Ludhiana,2023,Rabi,Wheat,5.23,15.74,3.01,1254.6,16.8,80.1,Clay,Sprinkler,922.25,45.65,Small,No,5,1860.6,180617.52,29285.84,-151331.68,Good,North
468,Andhra Pradesh,Nellore,2025,Rabi,Barley,145.77,351.31,2.41,2667.1,13.3,77.5,Red,Drip,21520.84,404.0,Large,No,29,1825.7,3542542.19,641386.67,-2901155.52,Average,South
469,Bihar,Gaya,2023,Whole Year,Sugarcane,312.11,19928.22,63.85,2167.0,33.9,39.1,Sandy,Tube Well,15761.48,835.34,Medium,No,4,294.26,29593739.37,5864078.02,-23729661.35,Average,East
470,Bihar,Patna,2025,Rabi,Wheat,157.55,512.04,3.25,912.3,22.7,27.1,Red,Rain-fed,11991.47,977.73,Small,No,2,2363.9,5906589.14,1210411.36,-4696177.78,Average,East
471,Rajasthan,Kota,2024,Kharif,Groundnut,220.97,428.68,1.94,1009.6,12.9,53.1,Laterite,Sprinkler,35982.14,2630.37,Small,No,1,5611.56,5230857.48,2405563.54,-2825293.94,Average,North
472,Punjab,Amritsar,2019,Whole Year,Sugarcane,79.94,4462.25,55.82,1225.8,26.2,27.5,Laterite,Rain-fed,10388.03,871.46,Small,Yes,1,458.92,7252849.56,2047815.77,-5205033.79,Good,North
473,Rajasthan,Jaipur,2023,Kharif,Soybean,107.1,130.66,1.22,1418.3,29.1,95.9,Red,Drip,9084.88,144.0,Medium,No,9,4289.56,2968950.23,560473.91,-2408476.32,Good,North
474,Madhya Pradesh,Indore,2024,Whole Year,Sugarcane,318.21,15990.05,50.25,1274.7,20.4,77.0,Laterite,Tube Well,22266.64,3444.24,Small,Yes,4,377.24,21186845.42,6032086.46,-15154758.96,Average,Central
475,Gujarat,Vadodara,2025,Kharif,Jowar,482.83,984.97,2.04,1753.9,38.8,64.9,Sandy,Drip,24572.77,4030.47,Medium,No,9,1509.93,9156876.32,1487235.75,-7669640.57,Average,West
476,Karnataka,Belagavi,2019,Zaid,Onion,132.14,3501.71,26.5,2835.6,40.0,70.7,Clay,Tube Well,7088.31,449.92,Large,No,27,1906.7,6610116.39,6676710.46,66594.07,Excellent,South
477,Madhya Pradesh,Bhopal,2018,Kharif,Soybean,9.08,16.25,1.79,2616.5,34.5,71.9,Laterite,Rain-fed,884.88,44.26,Small,No,3,3613.38,156953.06,58717.43,-98235.63,Good,Central
478,Uttar Pradesh,Varanasi,2020,Rabi,Jowar,191.4,373.23,1.95,1368.7,19.9,69.6,Black,Canal,29251.96,409.97,Medium,No,10,1572.57,3349392.2,586930.3,-2762461.9,Good,North
479,Tamil Nadu,Chennai,2025,Kharif,Jowar,334.19,404.37,1.21,2353.0,29.3,29.2,Laterite,Canal,29771.62,3252.09,Small,No,4,1505.32,4593922.12,608706.25,-3985215.87,Good,South
480,Maharashtra,Nashik,2022,Whole Year,Sugarcane,336.98,24902.82,73.9,194.8,10.9,83.2,Sandy,Tube Well,28456.59,968.66,Medium,No,12,377.35,22815708.11,9397079.13,-13418628.98,Good,West
481,Odisha,Bhubaneswar,2024,Rabi,Maize,488.7,2277.34,4.66,1600.1,25.3,28.0,Red,Tube Well,27646.83,3590.12,Small,No,3,1802.4,9884809.97,4104677.62,-5780132.35,Excellent,East
482,Haryana,Karnal,2018,Kharif,Groundnut,314.82,336.86,1.07,2152.0,42.2,26.3,Laterite,Canal,45311.27,766.91,Small,No,3,4779.83,9377808.04,1610133.53,-7767674.51,Good,North
483,Madhya Pradesh,Ujjain,2021,Rabi,Potato,385.43,7724.02,20.04,2811.4,32.0,71.1,Sandy,Canal,21403.09,4316.5,Small,Yes,3,1619.59,21132106.1,12509745.55,-8622360.55,Average,Central
484,Odisha,Cuttack,2024,Rabi,Wheat,397.93,1404.69,3.53,1914.5,17.4,53.6,Alluvial,Rain-fed,60961.63,1184.98,Small,No,5,2178.73,14081374.09,3060440.24,-11020933.85,Good,East
485,Rajasthan,Kota,2025,Rabi,Barley,80.04,291.35,3.64,659.3,11.0,21.8,Sandy,Drip,5625.44,401.3,Large,Yes,14,1924.69,1952854.42,560758.43,-1392095.99,Excellent,North
486,Karnataka,Mysuru,2019,Kharif,Soybean,234.05,388.52,1.66,2844.4,42.3,40.0,Red,Sprinkler,40879.64,498.96,Medium,No,6,4294.1,6412714.18,1668343.73,-4744370.45,Good,South
487,Assam,Jorhat,2024,Rabi,Barley,408.13,1232.55,3.02,1345.0,29.8,49.9,Clay,Canal,42003.3,4401.25,Large,No,23,1646.74,9495905.28,2029689.39,-7466215.89,Good,Northeast
488,Tamil Nadu,Madurai,2024,Kharif,Rice,90.77,342.2,3.77,1137.5,12.5,72.6,Alluvial,Drip,13536.72,212.89,Small,Yes,3,1919.35,2853012.27,656801.57,-2196210.7,Good,South
489,Haryana,Panipat,2022,Rabi,Barley,264.1,562.53,2.13,1862.9,40.9,88.8,Black,Tube Well,43569.36,1489.33,Medium,No,9,1599.08,4092651.38,899530.47,-3193120.91,Average,North
490,Punjab,Patiala,2024,Rabi,Wheat,226.94,903.22,3.98,785.6,10.7,21.4,Sandy,Canal,38041.96,936.81,Medium,No,12,2350.82,4698603.07,2123307.64,-2575295.43,Good,North
491,Haryana,Panipat,2019,Kharif,Tomato,361.9,10397.39,28.73,1261.0,29.5,45.1,Sandy,Canal,34404.33,3134.43,Small,No,1,1796.0,28162924.62,18673712.44,-9489212.18,Excellent,North
492,Madhya Pradesh,Indore,2018,Kharif,Maize,496.78,2498.8,5.03,756.4,13.1,77.9,Alluvial,Tube Well,88694.66,5601.3,Large,No,11,1366.48,15529356.74,3414560.22,-12114796.52,Excellent,Central
493,Rajasthan,Bikaner,2024,Whole Year,Sugarcane,462.5,28064.5,60.68,1026.1,15.2,66.7,Laterite,Rain-fed,61768.23,3116.97,Small,No,4,377.63,33705360.22,10597997.13,-23107363.09,Poor,North
494,Madhya Pradesh,Indore,2022,Zaid,Onion,355.98,7778.16,21.85,802.9,32.6,88.5,Clay,Canal,17984.19,2292.75,Small,No,4,1964.06,14131671.17,15276772.93,1145101.76,Excellent,Central
495,Madhya Pradesh,Ujjain,2023,Zaid,Onion,354.55,8541.11,24.09,406.4,14.6,93.3,Laterite,Rain-fed,57259.91,2357.09,Medium,No,8,1450.02,18492140.26,12384780.32,-6107359.94,Average,Central
496,Andhra Pradesh,Vijayawada,2020,Kharif,Bajra,372.77,805.18,2.16,642.4,11.0,73.0,Laterite,Sprinkler,28770.77,4173.61,Small,No,2,1638.16,5333773.67,1319013.67,-4014760.0,Excellent,South
497,Karnataka,Belagavi,2023,Rabi,Wheat,324.66,1204.49,3.71,952.6,24.1,67.5,Sandy,Tube Well,35422.44,1873.03,Medium,No,5,1931.75,6803730.76,2326773.56,-4476957.2,Excellent,South
498,Maharashtra,Nagpur,2019,Kharif,Jowar,138.45,274.13,1.98,1273.2,23.8,37.6,Clay,Sprinkler,15135.91,398.92,Small,No,5,1701.59,1388801.46,466456.87,-922344.59,Excellent,West
499,Assam,Nagaon,2025,Rabi,Potato,426.43,7906.01,18.54,2076.2,15.8,46.6,Laterite,Drip,74503.3,3550.6,Small,Yes,3,1631.65,26783139.78,12899841.22,-13883298.56,Excellent,Northeast
500,Rajasthan,Udaipur,2018,Kharif,Bajra,236.81,210.76,0.89,2072.1,20.2,38.3,Sandy,Drip,34502.97,2256.28,Small,No,3,1671.57,4108215.41,352300.09,-3755915.32,Poor,North
501,Maharashtra,Aurangabad,2022,Kharif,Soybean,7.77,13.75,1.77,2685.0,37.1,88.6,Sandy,Rain-fed,433.46,66.38,Medium,Yes,10,5148.56,130856.36,70792.7,-60063.66,Good,West
502,Madhya Pradesh,Ujjain,2024,Kharif,Soybean,372.44,726.26,1.95,1952.3,43.8,90.2,Clay,Tube Well,61784.44,2213.02,Large,No,18,4410.33,7275610.09,3203046.27,-4072563.82,Excellent,Central
503,Andhra Pradesh,Nellore,2022,Whole Year,Sugarcane,21.51,1450.2,67.42,1875.9,25.2,56.4,Alluvial,Sprinkler,1192.23,23.48,Large,Yes,14,368.2,1770824.39,533963.64,-1236860.75,Good,South
504,Karnataka,Belagavi,2019,Zaid,Onion,8.78,118.71,13.52,1819.9,11.9,44.5,Laterite,Sprinkler,1162.78,8.84,Small,No,3,1920.84,417487.52,228022.92,-189464.6,Poor,South
505,Tamil Nadu,Coimbatore,2019,Rabi,Potato,72.18,1658.7,22.98,2763.0,20.2,22.6,Alluvial,Drip,11089.68,577.98,Small,No,1,1514.43,4879788.37,2511985.04,-2367803.33,Good,South
506,Uttar Pradesh,Varanasi,2024,Kharif,Pulses,402.39,462.75,1.15,825.1,24.6,36.0,Alluvial,Canal,32845.8,4506.09,Small,No,4,5240.11,6947550.64,2424860.9,-4522689.74,Average,North
507,Tamil Nadu,Madurai,2025,Kharif,Soybean,233.81,413.84,1.77,2746.4,10.9,81.3,Black,Drip,29490.27,1011.53,Small,No,2,4120.89,6242460.78,1705389.12,-4537071.66,Average,South
508,Punjab,Jalandhar,2020,Kharif,Groundnut,231.94,445.32,1.92,2533.7,13.0,41.6,Clay,Canal,20106.34,480.44,Small,No,3,5796.47,5061311.23,2581284.02,-2480027.21,Good,North
509,Tamil Nadu,Chennai,2021,Kharif,Jowar,281.46,318.05,1.13,2695.7,32.4,32.4,Clay,Sprinkler,39595.76,3181.02,Medium,No,7,1580.3,2814700.51,502614.41,-2312086.1,Average,South
510,Haryana,Sirsa,2019,Kharif,Cotton,52.7,24.77,0.47,1233.1,42.4,44.0,Laterite,Drip,8159.96,540.65,Small,No,4,6718.63,2394106.35,166420.47,-2227685.88,Average,North
511,Telangana,Hyderabad,2020,Kharif,Maize,86.22,362.12,4.2,1480.9,20.2,73.4,Sandy,Rain-fed,7882.88,347.21,Small,No,4,1550.14,2064767.36,561336.7,-1503430.66,Excellent,South
512,Karnataka,Bengaluru,2024,Whole Year,Rice,18.01,68.62,3.81,1389.0,41.8,48.4,Red,Rain-fed,2945.34,108.81,Small,No,5,2099.09,631504.66,144039.56,-487465.1,Good,South
513,West Bengal,Asansol,2024,Kharif,Jowar,88.07,135.63,1.54,1733.1,26.1,88.7,Red,Sprinkler,13201.21,725.95,Large,Yes,30,2284.51,1414264.87,309848.09,-1104416.78,Good,East
514,West Bengal,Asansol,2022,Rabi,Maize,294.84,1220.64,4.14,2506.7,12.4,22.4,Clay,Drip,21357.8,2452.44,Small,No,3,1755.95,9357808.1,2143382.81,-7214425.29,Average,East
515,West Bengal,Howrah,2019,Rabi,Mustard,364.35,692.26,1.9,2774.9,12.2,40.0,Black,Canal,37095.92,1864.58,Medium,Yes,6,5217.5,6476791.06,3611866.55,-2864924.51,Poor,East
516,Andhra Pradesh,Kurnool,2021,Kharif,Cotton,246.06,105.81,0.43,2252.2,25.2,62.3,Red,Canal,29895.09,1948.86,Medium,No,6,6786.58,9593639.5,718088.03,-8875551.47,Average,South
517,Tamil Nadu,Chennai,2023,Rabi,Maize,95.88,428.58,4.47,1552.5,22.5,92.0,Red,Canal,9726.35,755.55,Large,No,14,1769.43,2126156.04,758342.31,-1367813.73,Excellent,South
518,Madhya Pradesh,Indore,2023,Kharif,Rice,410.84,1565.3,3.81,1232.2,22.5,89.8,Red,Sprinkler,20734.6,3011.01,Large,No,26,1718.57,15354281.55,2690077.62,-12664203.93,Good,Central
519,Assam,Guwahati,2025,Rabi,Mustard,326.96,398.89,1.22,681.5,41.1,24.8,Red,Tube Well,50465.21,1512.42,Medium,No,4,4282.74,4815832.75,1708342.16,-3107490.59,Poor,Northeast
520,Assam,Nagaon,2018,Kharif,Soybean,475.0,850.25,1.79,333.7,29.3,95.7,Alluvial,Canal,25920.07,3069.72,Small,No,4,3803.42,12372721.88,3233857.85,-9138864.03,Poor,Northeast
521,Punjab,Ludhiana,2018,Rabi,Onion,267.56,6185.99,23.12,2240.0,29.3,24.2,Laterite,Drip,26798.97,1523.8,Small,No,5,2177.29,11824203.3,13468694.17,1644490.87,Excellent,North
522,Gujarat,Ahmedabad,2021,Kharif,Cotton,294.72,182.73,0.62,2676.2,37.8,65.4,Black,Drip,45318.23,543.09,Small,No,1,5628.25,13280201.19,1028450.12,-12251751.07,Average,West
523,Maharashtra,Nagpur,2024,Kharif,Bajra,328.64,690.14,2.1,697.0,34.7,85.1,Red,Rain-fed,45956.6,3731.94,Medium,No,7,1716.11,4165627.84,1184356.16,-2981271.68,Average,West
524,Tamil Nadu,Chennai,2018,Kharif,Soybean,353.05,487.21,1.38,690.3,14.8,98.1,Red,Sprinkler,50792.32,1171.58,Small,No,2,3535.87,6374800.78,1722711.22,-4652089.56,Average,South
525,Bihar,Muzaffarpur,2019,Whole Year,Rice,418.33,1351.21,3.23,971.2,43.8,24.8,Sandy,Rain-fed,45744.41,4388.49,Small,Yes,2,2086.83,14913397.05,2819745.56,-12093651.49,Average,East
526,Punjab,Bathinda,2023,Rabi,Mustard,455.12,655.37,1.44,2501.7,19.2,80.3,Red,Canal,39928.69,4606.56,Small,No,1,4968.88,8889832.39,3256454.89,-5633377.5,Poor,North
527,Assam,Dibrugarh,2025,Rabi,Groundnut,82.11,167.5,2.04,2781.5,14.6,21.2,Clay,Sprinkler,4267.68,307.85,Small,No,4,4557.91,1980004.5,763449.92,-1216554.58,Good,Northeast
528,Maharashtra,Kolhapur,2018,Rabi,Wheat,284.65,836.87,2.94,618.5,26.2,55.2,Laterite,Canal,49877.5,1788.25,Medium,No,4,2147.74,6100574.42,1797379.17,-4303195.25,Poor,West
529,Tamil Nadu,Madurai,2019,Kharif,Bajra,129.75,195.92,1.51,1535.3,18.0,34.0,Sandy,Canal,9416.5,1064.03,Small,No,4,1747.93,1351937.37,342454.45,-1009482.92,Poor,South
530,Punjab,Patiala,2022,Whole Year,Rice,270.68,603.62,2.23,416.6,27.7,29.1,Black,Drip,18559.41,1968.93,Medium,No,5,1949.32,11508518.55,1176648.54,-10331870.01,Good,North
531,Rajasthan,Bikaner,2023,Kharif,Soybean,448.8,920.04,2.05,952.8,11.1,49.5,Alluvial,Drip,75246.78,574.86,Medium,No,12,4215.77,11061378.11,3878677.03,-7182701.08,Good,North
532,West Bengal,Durgapur,2021,Kharif,Groundnut,328.87,631.43,1.92,1982.7,43.4,96.7,Red,Tube Well,36336.66,2406.94,Small,No,1,5771.39,9180848.7,3644228.79,-5536619.91,Excellent,East
533,Karnataka,Mangaluru,2025,Kharif,Soybean,98.32,210.4,2.14,1053.2,38.0,98.2,Red,Rain-fed,8266.18,1149.99,Medium,No,10,3861.88,1924692.65,812539.55,-1112153.1,Good,South
534,Assam,Dibrugarh,2025,Rabi,Barley,225.04,625.61,2.78,2497.7,14.4,63.0,Laterite,Tube Well,29981.26,1724.03,Medium,No,5,1540.75,4323069.24,963908.61,-3359160.63,Poor,Northeast
535,Andhra Pradesh,Nellore,2021,Rabi,Mustard,438.33,420.8,0.96,863.8,29.4,94.4,Clay,Canal,25289.76,602.63,Small,No,1,4158.85,9936415.05,1750044.08,-8186370.97,Poor,South
536,Assam,Jorhat,2023,Rabi,Maize,348.77,973.07,2.79,1076.7,38.9,46.9,Sandy,Tube Well,19213.06,3119.39,Small,No,4,1846.4,9358073.86,1796676.45,-7561397.41,Poor,Northeast
537,Gujarat,Rajkot,2025,Rabi,Potato,366.99,9336.23,25.44,2478.3,27.8,32.2,Black,Tube Well,45149.59,3087.48,Small,No,2,1206.93,21154194.04,11268176.07,-9886017.97,Average,West
538,Haryana,Hisar,2022,Kharif,Bajra,25.1,45.18,1.8,1573.9,42.5,42.8,Laterite,Sprinkler,3665.15,288.37,Small,No,2,1658.32,320842.31,74922.9,-245919.41,Average,North
539,Rajasthan,Jaipur,2023,Whole Year,Sugarcane,60.16,3945.89,65.59,2667.5,20.1,93.4,Sandy,Canal,10193.04,501.18,Small,No,5,355.49,3675415.34,1402724.44,-2272690.9,Poor,North
540,Assam,Nagaon,2021,Whole Year,Rice,416.42,895.3,2.15,2831.2,30.0,78.6,Sandy,Drip,65105.31,1767.44,Small,No,1,1811.08,14010583.73,1621459.92,-12389123.81,Average,Northeast
541,Odisha,Cuttack,2022,Rabi,Potato,484.25,13825.34,28.55,745.1,12.6,32.5,Alluvial,Sprinkler,50112.6,4402.19,Medium,Yes,9,1601.12,20829124.71,22136028.38,1306903.67,Good,East
542,Tamil Nadu,Madurai,2021,Zaid,Tomato,474.64,10930.96,23.03,1800.4,40.5,37.6,Red,Sprinkler,50224.58,3004.27,Small,No,2,958.14,35909002.24,10473390.01,-25435612.23,Poor,South
543,Odisha,Cuttack,2018,Kharif,Groundnut,245.85,523.66,2.13,212.6,34.1,69.1,Clay,Tube Well,17912.68,1188.87,Small,No,3,5761.04,8143925.34,3016826.21,-5127099.13,Good,East
544,Karnataka,Hubballi,2023,Rabi,Jowar,148.41,292.37,1.97,2700.8,36.7,53.6,Laterite,Sprinkler,11076.65,842.01,Small,No,1,1743.31,2074904.34,509691.54,-1565212.8,Excellent,South
545,Assam,Jorhat,2025,Rabi,Barley,343.92,708.48,2.06,723.8,39.8,52.7,Sandy,Sprinkler,26352.78,1545.51,Small,No,4,1630.35,5346695.07,1155070.37,-4191624.7,Average,Northeast
546,Madhya Pradesh,Jabalpur,2018,Whole Year,Sugarcane,205.5,12771.82,62.15,698.0,31.9,95.8,Sandy,Tube Well,17705.01,1573.01,Small,No,4,289.03,18122884.88,3691439.13,-14431445.75,Poor,Central
547,Bihar,Darbhanga,2019,Rabi,Pulses,259.81,194.86,0.75,555.3,28.7,88.8,Red,Sprinkler,39537.87,2862.38,Small,No,2,7350.03,3211446.39,1432226.85,-1779219.54,Excellent,East
548,Tamil Nadu,Chennai,2024,Zaid,Onion,22.1,254.37,11.51,1931.5,34.1,22.7,Clay,Canal,3399.41,113.96,Small,No,3,2020.58,815781.21,513974.93,-301806.28,Average,South
549,West Bengal,Siliguri,2018,Kharif,Rice,48.68,148.96,3.06,2511.3,40.1,82.8,Laterite,Tube Well,7014.19,210.48,Small,Yes,5,2028.07,1307605.55,302101.31,-1005504.24,Poor,East
550,Tamil Nadu,Madurai,2025,Whole Year,Sugarcane,191.82,17718.41,92.37,2859.2,36.7,77.2,Laterite,Drip,23191.64,244.34,Medium,No,11,336.32,16441418.29,5959055.65,-10482362.64,Excellent,South
551,Bihar,Patna,2019,Kharif,Jowar,104.63,193.57,1.85,343.3,24.1,87.0,Sandy,Tube Well,15326.35,172.46,Small,No,3,2084.03,1084500.11,403405.69,-681094.42,Average,East
552,Andhra Pradesh,Nellore,2018,Whole Year,Sugarcane,377.76,30466.34,80.65,1007.7,32.8,45.7,Clay,Rain-fed,42316.81,3945.77,Large,Yes,13,343.7,24588889.24,10471281.06,-14117608.18,Excellent,South
553,Tamil Nadu,Chennai,2020,Kharif,Cotton,435.0,287.1,0.66,1536.0,31.9,62.0,Red,Tube Well,42865.17,479.3,Small,No,3,6044.96,19739217.8,1735508.02,-18003709.78,Good,South
554,Telangana,Warangal,2020,Whole Year,Sugarcane,401.6,31007.54,77.21,1853.1,26.5,36.8,Alluvial,Drip,25298.13,3560.54,Small,No,2,295.03,25173059.28,9148154.53,-16024904.75,Poor,South
555,Maharashtra,Nagpur,2021,Rabi,Potato,269.33,4069.58,15.11,1459.2,15.5,48.0,Sandy,Drip,23780.23,311.19,Small,No,4,1267.57,13243632.02,5158477.52,-8085154.5,Average,West
556,Gujarat,Rajkot,2021,Rabi,Wheat,52.39,139.36,2.66,1734.6,14.4,61.8,Clay,Rain-fed,4517.19,497.27,Medium,No,11,1925.58,1050318.6,268348.83,-781969.77,Good,West
557,Madhya Pradesh,Indore,2020,Kharif,Maize,238.26,459.84,1.93,2912.5,14.8,84.6,Laterite,Rain-fed,20440.92,1549.67,Small,No,4,1764.35,6644457.71,811318.7,-5833139.01,Average,Central
558,Odisha,Puri,2023,Kharif,Jowar,441.76,1042.55,2.36,2841.9,39.2,76.9,Laterite,Tube Well,44984.67,3819.5,Small,Yes,4,2123.94,8243853.17,2214313.65,-6029539.52,Average,East
559,Bihar,Bhagalpur,2024,Kharif,Cotton,191.85,117.03,0.61,131.0,25.5,62.1,Black,Tube Well,16010.78,390.45,Small,No,1,6213.55,5916309.59,727171.76,-5189137.83,Good,East
560,Karnataka,Hubballi,2018,Rabi,Potato,137.81,2818.21,20.45,188.2,35.1,57.7,Sandy,Rain-fed,14971.96,855.52,Large,No,13,830.55,5631620.69,2340664.32,-3290956.37,Poor,South
561,Uttar Pradesh,Kanpur,2020,Rabi,Wheat,417.2,1301.66,3.12,2160.7,21.0,88.6,Alluvial,Drip,54951.39,3801.52,Small,No,3,2338.64,9614726.06,3044114.14,-6570611.92,Poor,North
562,West Bengal,Durgapur,2018,Kharif,Pulses,208.77,144.05,0.69,659.5,36.6,31.8,Alluvial,Canal,13395.09,310.98,Medium,No,10,5432.42,4064393.71,782540.1,-3281853.61,Poor,East
563,Punjab,Patiala,2022,Rabi,Jowar,59.74,116.49,1.95,349.7,42.6,27.1,Black,Drip,8491.27,181.74,Medium,No,6,2052.12,727349.94,239051.46,-488298.48,Excellent,North
564,Haryana,Hisar,2022,Zaid,Tomato,373.96,9326.56,24.94,1200.0,20.0,42.3,Sandy,Sprinkler,36632.22,3809.91,Small,No,3,1037.16,22581926.62,9673134.97,-12908791.65,Good,North
565,Rajasthan,Bikaner,2023,Kharif,Soybean,414.92,526.95,1.27,2854.0,30.5,32.5,Sandy,Drip,74322.87,2395.08,Medium,No,8,3707.45,9997704.75,1953640.78,-8044063.97,Average,North
566,Odisha,Rourkela,2019,Kharif,Jowar,129.85,109.07,0.84,434.4,33.0,34.9,Red,Rain-fed,15861.81,661.6,Small,No,1,1725.66,1434339.94,188217.74,-1246122.2,Average,East
567,Assam,Guwahati,2020,Rabi,Groundnut,168.02,201.62,1.2,2748.1,20.7,57.3,Red,Canal,17047.51,1307.66,Medium,No,10,5210.36,3974316.66,1050512.78,-2923803.88,Poor,Northeast
568,Andhra Pradesh,Guntur,2025,Kharif,Pulses,150.79,239.76,1.59,2313.2,41.5,60.6,Laterite,Rain-fed,22372.73,1733.15,Small,Yes,5,6012.35,2709471.86,1441521.04,-1267950.82,Good,South
569,Tamil Nadu,Coimbatore,2020,Rabi,Maize,394.5,792.94,2.01,2399.3,15.0,47.7,Laterite,Drip,41218.26,3252.53,Small,No,3,1348.23,8405441.93,1069065.5,-7336376.43,Good,South
570,Haryana,Hisar,2020,Kharif,Pulses,3.47,2.15,0.62,1694.5,23.8,37.0,Laterite,Rain-fed,542.67,30.43,Medium,Yes,6,7169.82,55515.96,15415.11,-40100.85,Average,North
571,Maharashtra,Aurangabad,2024,Kharif,Jowar,174.09,395.18,2.27,178.0,41.0,34.3,Red,Sprinkler,15793.32,1134.37,Small,No,4,2140.21,2864785.47,845768.19,-2019017.28,Excellent,West
572,Madhya Pradesh,Indore,2021,Whole Year,Sugarcane,47.33,2800.04,59.16,537.2,20.9,74.0,Laterite,Canal,3622.77,544.54,Small,No,5,363.42,3719991.66,1017590.54,-2702401.12,Good,Central
573,Telangana,Hyderabad,2024,Rabi,Onion,81.28,1342.75,16.52,2090.3,10.4,72.3,Clay,Rain-fed,8058.42,130.02,Small,No,1,1684.73,4475314.18,2262171.21,-2213142.97,Average,South
574,Rajasthan,Udaipur,2023,Kharif,Tomato,56.72,1292.08,22.78,2302.9,40.5,26.4,Black,Sprinkler,9798.28,498.18,Small,No,5,1645.92,3455644.88,2126660.31,-1328984.57,Good,North
575,Maharashtra,Pune,2019,Kharif,Tomato,230.67,5623.73,24.38,1171.0,24.9,74.0,Black,Tube Well,17856.85,974.73,Small,No,3,1526.78,15190141.21,8586198.49,-6603942.72,Average,West
576,Punjab,Bathinda,2024,Kharif,Cotton,42.94,24.91,0.58,1935.5,25.1,42.0,Laterite,Tube Well,3185.04,432.89,Medium,No,12,6138.14,1331828.09,152901.07,-1178927.02,Good,North
577,Punjab,Amritsar,2019,Kharif,Groundnut,169.55,256.02,1.51,1262.1,16.4,79.7,Clay,Canal,26646.39,977.93,Small,No,3,5992.38,4956577.58,1534169.13,-3422408.45,Average,North
578,Bihar,Gaya,2018,Kharif,Soybean,108.39,162.59,1.5,2097.7,16.5,60.1,Black,Tube Well,10385.27,324.5,Small,Yes,2,3986.23,1808700.71,648121.14,-1160579.57,Average,East
579,Andhra Pradesh,Guntur,2019,Kharif,Cotton,10.02,3.11,0.31,934.7,34.9,86.2,Sandy,Rain-fed,1291.26,46.26,Small,No,1,5685.9,380670.52,17683.15,-362987.37,Poor,South
580,Uttar Pradesh,Agra,2025,Kharif,Cotton,336.82,97.68,0.29,2571.6,43.9,70.5,Sandy,Sprinkler,17390.99,3108.22,Small,No,3,5903.0,14040174.19,576605.04,-13463569.15,Good,North
581,Andhra Pradesh,Visakhapatnam,2023,Rabi,Barley,208.28,703.99,3.38,923.3,36.0,99.2,Laterite,Tube Well,12171.39,1599.24,Medium,Yes,7,1721.46,3726856.05,1211890.63,-2514965.42,Average,South
582,Bihar,Muzaffarpur,2024,Kharif,Soybean,209.67,297.73,1.42,1153.2,13.7,90.8,Clay,Sprinkler,23131.35,1437.83,Small,No,4,3786.28,5665106.07,1127289.14,-4537816.93,Good,East
583,Odisha,Cuttack,2024,Whole Year,Sugarcane,266.8,18059.69,67.69,599.6,41.8,50.7,Clay,Rain-fed,47062.09,1470.93,Medium,No,6,340.97,21379871.31,6157812.5,-15222058.81,Good,East
584,Andhra Pradesh,Nellore,2018,Kharif,Soybean,84.06,158.87,1.89,2860.4,10.8,68.1,Clay,Rain-fed,9859.23,882.45,Large,No,21,4223.06,1522419.0,670917.54,-851501.46,Good,South
585,West Bengal,Howrah,2023,Rabi,Maize,33.34,115.36,3.46,1431.7,33.9,55.5,Red,Drip,5874.27,216.79,Small,No,3,1823.25,1024348.19,210330.12,-814018.07,Good,East
586,West Bengal,Kolkata,2018,Rabi,Potato,341.33,7563.87,22.16,1463.6,23.5,82.6,Alluvial,Tube Well,19434.47,3257.16,Medium,No,4,1150.82,22129316.47,8704652.87,-13424663.6,Excellent,East
587,Bihar,Muzaffarpur,2018,Kharif,Soybean,358.6,641.89,1.79,1342.9,14.3,31.7,Alluvial,Tube Well,52176.62,799.54,Small,No,3,3641.95,6512137.53,2337731.29,-4174406.24,Good,East
588,Maharashtra,Pune,2023,Rabi,Pulses,229.66,312.34,1.36,2295.2,22.0,75.1,Alluvial,Rain-fed,31678.99,1665.16,Medium,No,6,6304.45,2815494.92,1969131.91,-846363.01,Average,West
589,Andhra Pradesh,Guntur,2022,Whole Year,Sugarcane,284.25,21395.5,75.27,2052.5,15.4,84.4,Red,Drip,35543.45,2970.59,Small,No,2,338.32,18741891.44,7238525.56,-11503365.88,Excellent,South
590,Rajasthan,Bikaner,2024,Kharif,Bajra,486.23,953.01,1.96,1553.2,28.3,50.2,Laterite,Drip,78725.26,3064.5,Small,No,1,1605.42,6366249.67,1529981.31,-4836268.36,Good,North
591,Maharashtra,Kolhapur,2019,Rabi,Pulses,178.89,250.45,1.4,2728.3,39.4,87.7,Sandy,Drip,25723.11,894.3,Small,No,3,6268.54,2632319.05,1569955.84,-1062363.21,Average,West
592,Odisha,Puri,2019,Rabi,Onion,223.87,3422.97,15.29,2412.1,16.4,94.9,Red,Drip,30569.28,1346.96,Small,No,5,1260.72,11994453.41,4315406.74,-7679046.67,Poor,East
593,Assam,Guwahati,2020,Rabi,Jowar,31.37,46.74,1.49,1785.7,26.2,63.0,Black,Sprinkler,4724.39,56.58,Small,No,4,1638.18,483841.1,76568.53,-407272.57,Good,Northeast
594,Karnataka,Belagavi,2018,Rabi,Barley,430.71,1266.29,2.94,2354.4,16.8,84.5,Sandy,Rain-fed,77059.74,1623.44,Small,No,2,1664.32,8542183.81,2107511.77,-6434672.04,Good,South
595,Telangana,Nizamabad,2022,Zaid,Tomato,171.23,4789.3,27.97,1915.2,13.9,80.5,Red,Rain-fed,7005.43,1853.91,Small,No,2,785.23,10294437.0,3760702.04,-6533734.96,Good,South
596,Assam,Jorhat,2023,Rabi,Pulses,97.6,69.3,0.71,990.9,20.7,81.3,Laterite,Canal,13260.37,1093.42,Small,No,3,5390.97,1919203.85,373594.22,-1545609.63,Poor,Northeast
597,Odisha,Cuttack,2020,Kharif,Soybean,327.09,686.89,2.1,881.2,42.6,57.8,Alluvial,Sprinkler,19722.91,1527.82,Small,No,4,3808.02,7301539.55,2615690.86,-4685848.69,Good,East
598,Punjab,Jalandhar,2018,Rabi,Groundnut,323.25,484.88,1.5,895.2,38.6,36.2,Clay,Sprinkler,26271.03,1651.23,Small,No,3,5337.1,10048308.48,2587853.05,-7460455.43,Poor,North
599,Andhra Pradesh,Kurnool,2025,Kharif,Tomato,54.31,1179.61,21.72,1491.1,35.2,57.6,Black,Rain-fed,7402.03,597.29,Small,No,5,1461.95,2556702.38,1724530.84,-832171.54,Good,South
600,Rajasthan,Kota,2023,Kharif,Bajra,56.4,106.6,1.89,1041.2,37.1,53.1,Red,Drip,6913.13,412.56,Medium,No,9,1743.64,994211.96,185872.02,-808339.94,Good,North
601,Tamil Nadu,Madurai,2018,Kharif,Maize,435.49,2116.48,4.86,2875.9,22.6,81.8,Clay,Drip,28646.36,2678.96,Small,No,3,1453.21,12397139.09,3075689.9,-9321449.19,Excellent,South
602,Haryana,Panipat,2024,Rabi,Groundnut,399.25,479.1,1.2,2970.0,23.1,65.3,Black,Tube Well,64770.86,1835.66,Small,No,3,5451.56,12383340.47,2611842.4,-9771498.07,Average,North
603,Tamil Nadu,Chennai,2020,Rabi,Onion,287.39,5822.52,20.26,653.6,12.6,74.7,Alluvial,Rain-fed,29653.02,3071.03,Medium,No,5,1136.18,14191488.97,6615430.77,-7576058.2,Good,South
604,Bihar,Muzaffarpur,2018,Rabi,Groundnut,4.17,4.71,1.13,753.2,25.0,40.7,Red,Tube Well,560.6,19.15,Small,No,5,5888.03,139272.38,27732.62,-111539.76,Poor,East
605,Andhra Pradesh,Visakhapatnam,2021,Rabi,Onion,103.87,1159.19,11.16,1845.6,39.6,82.4,Sandy,Sprinkler,18037.28,478.02,Small,No,2,1162.21,4059470.48,1347222.21,-2712248.27,Poor,South
606,Madhya Pradesh,Bhopal,2023,Kharif,Rice,438.94,1150.02,2.62,2849.2,10.9,89.4,Clay,Drip,40934.81,2596.3,Small,No,4,1913.15,12067771.42,2200160.76,-9867610.66,Poor,Central
607,Tamil Nadu,Tiruchirappalli,2019,Kharif,Maize,61.06,250.35,4.1,2274.1,21.1,35.3,Black,Tube Well,5518.61,232.52,Small,No,1,1528.02,1458124.73,382539.81,-1075584.92,Poor,South
608,Haryana,Rohtak,2023,Whole Year,Sugarcane,217.64,15748.43,72.36,2999.1,13.0,71.5,Laterite,Rain-fed,9188.54,2526.06,Medium,No,4,294.07,15226078.05,4631140.81,-10594937.24,Good,North
609,Uttar Pradesh,Varanasi,2020,Rabi,Maize,381.38,1594.17,4.18,2612.4,33.1,49.7,Laterite,Drip,37639.72,1114.02,Small,No,2,1519.04,11803468.01,2421608.0,-9381860.01,Average,North
610,Punjab,Jalandhar,2021,Whole Year,Sugarcane,313.03,22591.38,72.17,1031.1,37.4,46.5,Laterite,Canal,44729.83,810.04,Small,No,5,352.25,20907151.38,7957813.61,-12949337.77,Excellent,North
611,Rajasthan,Jodhpur,2019,Kharif,Groundnut,57.09,140.44,2.46,2582.8,28.8,30.8,Sandy,Canal,4772.74,351.92,Large,Yes,27,5920.33,1755216.6,831451.15,-923765.45,Excellent,North
612,West Bengal,Asansol,2021,Kharif,Maize,257.85,703.93,2.73,2011.7,36.0,77.4,Alluvial,Tube Well,14112.63,899.5,Small,No,3,1726.28,6309612.26,1215180.28,-5094431.98,Average,East
613,Tamil Nadu,Tiruchirappalli,2022,Rabi,Onion,164.64,2201.24,13.37,2235.6,39.8,79.8,Laterite,Canal,24891.47,1938.61,Small,No,2,1110.45,7089943.27,2444366.96,-4645576.31,Average,South
614,Karnataka,Belagavi,2021,Kharif,Pulses,226.6,240.2,1.06,1683.1,14.1,42.3,Sandy,Sprinkler,19763.06,2451.31,Small,No,4,6930.02,3753212.07,1664590.8,-2088621.27,Excellent,South
615,Odisha,Rourkela,2022,Rabi,Wheat,213.83,688.53,3.22,374.3,44.1,86.4,Black,Tube Well,29888.59,510.9,Small,No,5,2390.59,4595935.94,1645992.93,-2949943.01,Poor,East
616,Tamil Nadu,Coimbatore,2024,Zaid,Tomato,71.71,2357.82,32.88,676.2,36.1,62.0,Red,Tube Well,11501.54,485.87,Medium,No,7,1601.8,5729709.29,3776756.08,-1952953.21,Excellent,South
617,Uttar Pradesh,Lucknow,2020,Rabi,Pulses,421.78,333.21,0.79,2832.4,31.3,88.7,Alluvial,Canal,73502.73,4824.27,Small,No,4,7234.36,7035307.89,2410561.1,-4624746.79,Good,North
618,Maharashtra,Pune,2019,Whole Year,Sugarcane,105.17,8529.29,81.1,293.8,36.4,31.2,Laterite,Drip,15464.51,1038.75,Large,No,15,344.61,7955057.39,2939278.63,-5015778.76,Good,West
619,Odisha,Rourkela,2019,Kharif,Cotton,71.08,45.49,0.64,1799.2,33.5,36.5,Red,Sprinkler,10411.93,79.5,Small,No,1,6543.32,3195839.43,297655.63,-2898183.8,Good,East
620,Karnataka,Belagavi,2019,Rabi,Jowar,77.68,160.8,2.07,2188.0,40.6,96.0,Black,Rain-fed,12220.37,295.96,Medium,No,6,2113.37,1313908.2,339829.9,-974078.3,Good,South
621,Bihar,Bhagalpur,2021,Kharif,Jowar,45.2,103.51,2.29,2608.7,18.4,88.0,Laterite,Rain-fed,4476.35,362.44,Large,No,18,2133.31,741399.97,220818.92,-520581.05,Excellent,East
622,Telangana,Nizamabad,2023,Rabi,Wheat,51.46,171.88,3.34,1535.4,30.7,73.3,Black,Rain-fed,6097.7,525.49,Small,No,4,1825.26,1129050.83,313725.69,-815325.14,Poor,South
623,Telangana,Hyderabad,2019,Rabi,Wheat,180.99,872.37,4.82,1323.3,23.8,79.5,Alluvial,Rain-fed,28833.99,1322.46,Small,No,4,2201.44,3703332.37,1920470.21,-1782862.16,Good,South
624,Punjab,Patiala,2019,Whole Year,Sugarcane,401.15,36324.13,90.55,835.2,38.6,47.5,Red,Sprinkler,41094.2,612.07,Small,No,3,356.86,26645861.01,12962629.03,-13683231.98,Good,North
625,Odisha,Puri,2023,Rabi,Potato,376.91,7183.9,19.06,1549.5,13.1,48.1,Sandy,Drip,31779.08,1644.91,Large,Yes,22,1207.3,17181730.45,8673122.47,-8508607.98,Average,East
626,Maharashtra,Aurangabad,2023,Kharif,Soybean,447.99,1039.34,2.32,1036.0,13.9,66.5,Sandy,Tube Well,36497.08,3207.22,Small,No,1,3698.62,7247156.1,3844123.71,-3403032.39,Good,West
627,Assam,Jorhat,2022,Rabi,Maize,266.88,1350.41,5.06,400.5,43.5,85.2,Alluvial,Tube Well,31976.21,508.23,Large,No,11,1447.54,5383013.75,1954772.49,-3428241.26,Poor,Northeast
628,Punjab,Jalandhar,2021,Zaid,Tomato,123.43,3286.94,26.63,726.3,10.4,39.5,Black,Tube Well,13288.26,719.41,Medium,No,7,1236.02,9217341.03,4062723.58,-5154617.45,Good,North
629,Telangana,Khammam,2024,Rabi,Potato,353.67,10949.62,30.96,864.3,23.0,92.0,Red,Sprinkler,40902.53,653.39,Medium,No,7,1436.45,20289607.24,15728581.65,-4561025.59,Excellent,South
630,Assam,Nagaon,2025,Rabi,Jowar,53.3,65.56,1.23,1110.2,34.6,98.1,Red,Rain-fed,4140.27,543.81,Small,No,5,1805.33,1041036.42,118357.43,-922678.99,Good,Northeast
631,Tamil Nadu,Salem,2018,Rabi,Mustard,238.84,269.89,1.13,1127.8,43.4,42.1,Alluvial,Canal,33415.08,1528.32,Medium,No,10,4258.24,4423583.64,1149256.39,-3274327.25,Average,South
632,Telangana,Nizamabad,2023,Kharif,Cotton,72.97,47.43,0.65,1011.9,10.2,68.8,Clay,Sprinkler,8920.05,694.73,Small,Yes,4,7730.37,2642972.55,366651.45,-2276321.1,Good,South
633,Bihar,Gaya,2020,Whole Year,Rice,364.6,772.95,2.12,1270.3,34.5,74.8,Laterite,Rain-fed,50131.81,920.11,Small,Yes,3,1845.2,10952687.07,1426247.34,-9526439.73,Good,East
634,Maharashtra,Aurangabad,2021,Kharif,Cotton,492.83,241.49,0.49,2280.3,28.3,21.6,Sandy,Canal,87468.17,813.47,Small,No,5,5025.16,18812056.2,1213525.89,-17598530.31,Average,West
635,Bihar,Darbhanga,2023,Zaid,Tomato,477.9,12372.83,25.89,627.2,17.6,47.6,Clay,Drip,59240.75,3495.28,Large,No,15,1359.53,35126917.2,16821233.57,-18305683.63,Good,East
636,Andhra Pradesh,Vijayawada,2019,Zaid,Onion,467.58,8612.82,18.42,1811.3,15.9,28.0,Red,Tube Well,28866.22,3621.46,Small,No,5,1981.3,25530600.34,17064580.27,-8466020.07,Average,South
637,Telangana,Khammam,2019,Kharif,Soybean,183.48,335.77,1.83,646.2,24.1,48.7,Laterite,Tube Well,9876.59,1232.67,Medium,No,12,4063.0,4427129.62,1364233.51,-3062896.11,Good,South
638,Bihar,Darbhanga,2021,Whole Year,Sugarcane,68.6,4830.13,70.41,1916.4,24.1,50.2,Laterite,Canal,7461.86,311.21,Small,No,4,379.23,6230912.68,1831730.2,-4399182.48,Poor,East
639,West Bengal,Kolkata,2018,Kharif,Cotton,154.25,118.77,0.77,1674.1,32.4,79.1,Sandy,Canal,7189.45,668.27,Small,No,1,6647.49,7265812.72,789522.39,-6476290.33,Excellent,East
640,Tamil Nadu,Tiruchirappalli,2020,Rabi,Jowar,340.89,323.85,0.95,1426.0,16.5,37.7,Alluvial,Canal,47712.61,2198.07,Medium,No,4,2145.46,4111235.12,694807.22,-3416427.9,Average,South
641,Assam,Dibrugarh,2018,Rabi,Mustard,330.14,495.21,1.5,613.5,23.6,38.3,Laterite,Canal,20412.58,2504.53,Medium,No,10,4816.47,6966523.26,2385164.11,-4581359.15,Average,Northeast
642,Maharashtra,Nagpur,2022,Kharif,Groundnut,208.53,287.77,1.38,2713.1,38.6,59.1,Sandy,Canal,26632.45,1115.67,Medium,No,7,4605.79,4528376.1,1325408.19,-3202967.91,Good,West
643,Bihar,Muzaffarpur,2019,Rabi,Maize,84.52,484.3,5.73,2173.6,34.3,42.8,Alluvial,Sprinkler,13503.86,327.64,Medium,No,7,1870.13,2177784.56,905703.96,-1272080.6,Excellent,East
644,Uttar Pradesh,Varanasi,2018,Kharif,Bajra,55.56,115.01,2.07,635.0,36.7,84.5,Red,Rain-fed,7008.61,323.31,Small,No,1,1797.73,835410.88,206756.93,-628653.95,Poor,North
645,Bihar,Gaya,2023,Kharif,Rice,474.35,1978.04,4.17,2773.3,22.3,36.1,Clay,Canal,44960.63,1273.19,Small,Yes,2,2166.26,18700594.93,4284948.93,-14415646.0,Excellent,East
646,Karnataka,Bengaluru,2021,Rabi,Barley,278.87,858.92,3.08,264.5,34.0,52.8,Sandy,Canal,35305.52,800.1,Large,No,14,1950.76,6091403.72,1675546.78,-4415856.94,Excellent,South
647,Punjab,Bathinda,2018,Kharif,Tomato,384.58,7433.93,19.33,1922.0,29.7,25.9,Clay,Rain-fed,65843.76,3112.29,Small,No,4,1883.31,20505196.69,14000394.71,-6504801.98,Average,North
648,Maharashtra,Nashik,2025,Kharif,Bajra,227.66,339.21,1.49,931.9,35.6,97.0,Laterite,Sprinkler,37215.86,1149.42,Small,No,2,1425.53,3210851.64,483554.03,-2727297.61,Poor,West
649,Odisha,Cuttack,2024,Rabi,Maize,104.84,518.96,4.95,1435.7,25.8,96.2,Laterite,Sprinkler,9151.71,872.18,Small,No,2,1430.18,2167410.9,742206.21,-1425204.69,Excellent,East
650,Odisha,Puri,2023,Rabi,Mustard,274.55,417.32,1.52,1967.6,17.5,31.3,Black,Tube Well,36052.05,1181.53,Medium,No,10,4061.06,4439962.58,1694761.56,-2745201.02,Good,East
651,Uttar Pradesh,Agra,2024,Rabi,Maize,12.89,46.79,3.63,599.8,44.4,74.5,Red,Rain-fed,1553.37,126.44,Small,No,2,1820.82,255579.97,85196.17,-170383.8,Average,North
652,Rajasthan,Bikaner,2018,Rabi,Pulses,393.69,208.66,0.53,2600.5,11.8,88.2,Alluvial,Sprinkler,26936.66,1045.89,Small,No,3,6558.08,5966372.08,1368408.97,-4597963.11,Poor,North
653,Karnataka,Hubballi,2023,Rabi,Potato,145.58,3003.32,20.63,2712.4,15.3,53.2,Sandy,Tube Well,14172.97,1045.02,Medium,No,8,1351.97,9769808.05,4060398.54,-5709409.51,Poor,South
654,Telangana,Warangal,2025,Rabi,Wheat,68.66,223.14,3.25,594.3,10.7,75.0,Alluvial,Rain-fed,8368.61,205.99,Large,No,28,2006.3,1793123.17,447685.78,-1345437.39,Good,South
655,Rajasthan,Jaipur,2020,Rabi,Maize,339.01,911.94,2.69,2811.6,43.6,35.8,Clay,Sprinkler,27435.71,3295.38,Medium,No,11,1309.57,10331217.12,1194249.27,-9136967.85,Average,North
656,Uttar Pradesh,Meerut,2022,Kharif,Cotton,491.04,171.86,0.35,1023.8,15.8,72.0,Clay,Sprinkler,37729.49,5871.71,Small,No,4,6318.82,18818111.98,1085952.41,-17732159.57,Good,North
657,Odisha,Puri,2018,Rabi,Potato,152.05,3050.12,20.06,1226.4,34.3,41.6,Laterite,Sprinkler,13889.94,1009.37,Large,No,20,905.87,7661369.63,2763012.2,-4898357.43,Average,East
658,Madhya Pradesh,Gwalior,2022,Whole Year,Sugarcane,456.77,29804.24,65.25,2032.0,21.2,60.7,Black,Canal,70116.8,4507.63,Small,Yes,3,333.6,31735380.73,9942694.46,-21792686.27,Good,Central
659,Haryana,Karnal,2018,Rabi,Potato,435.21,7812.02,17.95,1915.8,40.5,56.9,Alluvial,Canal,54731.63,704.1,Small,No,1,948.46,26786144.95,7409388.49,-19376756.46,Good,North
660,Gujarat,Surat,2021,Kharif,Rice,194.06,498.73,2.57,2470.9,34.8,59.6,Clay,Drip,20510.1,1755.7,Medium,No,11,1629.45,4876003.54,812655.6,-4063347.94,Good,West
661,Madhya Pradesh,Jabalpur,2020,Rabi,Mustard,350.28,399.32,1.14,642.4,21.2,99.4,Red,Rain-fed,45165.65,2632.49,Medium,No,8,4261.91,5782946.95,1701865.9,-4081081.05,Average,Central
662,Madhya Pradesh,Ujjain,2018,Kharif,Pulses,141.44,83.45,0.59,1532.4,41.6,24.8,Laterite,Canal,19004.57,1539.58,Small,No,1,5796.0,2788328.51,483676.2,-2304652.31,Poor,Central
663,West Bengal,Asansol,2019,Rabi,Barley,363.85,873.24,2.4,2451.8,23.0,44.0,Laterite,Sprinkler,42362.46,3345.48,Small,No,3,1704.87,8659537.77,1488760.68,-7170777.09,Average,East
664,Bihar,Muzaffarpur,2025,Kharif,Tomato,226.64,6223.53,27.46,1316.8,10.9,31.2,Alluvial,Rain-fed,40470.36,1802.72,Small,Yes,2,1110.76,11920081.52,6912848.18,-5007233.34,Excellent,East
665,Karnataka,Mysuru,2022,Kharif,Soybean,11.82,15.6,1.32,2870.1,29.2,38.2,Laterite,Tube Well,1670.43,68.1,Large,No,11,3853.37,193589.73,60112.57,-133477.16,Poor,South
666,West Bengal,Siliguri,2022,Kharif,Maize,259.86,714.62,2.75,1522.5,43.5,70.5,Alluvial,Sprinkler,35280.69,1486.13,Small,Yes,3,1692.25,7182323.29,1209315.7,-5973007.59,Good,East
667,Andhra Pradesh,Nellore,2019,Whole Year,Rice,185.63,748.09,4.03,2096.0,41.9,92.2,Clay,Rain-fed,27872.88,1318.89,Medium,No,7,2131.3,8225168.4,1594404.22,-6630764.18,Good,South
668,Andhra Pradesh,Visakhapatnam,2021,Zaid,Tomato,244.81,4445.75,18.16,1581.8,13.3,80.0,Sandy,Sprinkler,12579.09,1566.87,Medium,No,8,787.0,14354477.62,3498805.25,-10855672.37,Good,South
669,Bihar,Bhagalpur,2020,Kharif,Soybean,237.4,218.41,0.92,1132.9,31.7,65.0,Alluvial,Sprinkler,25605.41,1057.82,Large,No,30,3688.2,6411751.23,805539.76,-5606211.47,Average,East
670,Maharashtra,Pune,2021,Rabi,Jowar,124.87,213.53,1.71,2572.8,20.4,36.3,Alluvial,Canal,5498.65,1009.43,Small,No,2,1812.68,1725727.7,387061.56,-1338666.14,Good,West
671,Karnataka,Belagavi,2019,Rabi,Mustard,228.52,333.64,1.46,925.8,30.5,45.8,Black,Canal,10817.97,1049.35,Small,Yes,4,5479.3,4676269.47,1828113.65,-2848155.82,Good,South
672,Rajasthan,Bikaner,2018,Kharif,Pulses,162.68,110.62,0.68,1584.0,35.3,77.1,Laterite,Canal,27618.64,413.05,Small,No,2,5229.65,2538323.58,578503.88,-1959819.7,Average,North
673,Haryana,Panipat,2023,Rabi,Onion,246.74,4707.8,19.08,1961.3,23.9,32.4,Black,Drip,25362.34,559.54,Large,No,17,973.47,12852205.07,4582902.07,-8269303.0,Excellent,North
674,Telangana,Warangal,2025,Kharif,Rice,110.28,241.51,2.19,2624.4,27.5,45.8,Clay,Rain-fed,4708.49,1038.94,Small,No,4,1885.02,2845510.77,455251.18,-2390259.59,Average,South
675,Madhya Pradesh,Bhopal,2025,Whole Year,Rice,351.21,1050.12,2.99,2705.9,15.7,37.0,Sandy,Canal,59048.27,3226.49,Small,No,5,1771.89,14644209.1,1860697.13,-12783511.97,Poor,Central
676,Maharashtra,Nashik,2021,Kharif,Soybean,196.92,317.04,1.61,1392.1,43.9,73.7,Laterite,Drip,12972.4,287.16,Medium,No,7,3700.14,4413507.05,1173092.39,-3240414.66,Average,West
677,Odisha,Cuttack,2022,Kharif,Soybean,28.13,48.95,1.74,2664.7,18.8,60.9,Alluvial,Canal,1977.52,84.11,Small,No,4,4219.97,589393.72,206567.53,-382826.19,Good,East
678,Bihar,Gaya,2025,Kharif,Bajra,397.71,1006.21,2.53,325.3,13.8,20.0,Black,Tube Well,18693.93,446.76,Small,Yes,4,1895.37,4611396.53,1907140.25,-2704256.28,Excellent,East
679,Madhya Pradesh,Bhopal,2024,Rabi,Potato,38.97,582.99,14.96,2334.3,41.4,44.2,Alluvial,Rain-fed,6633.38,419.36,Medium,No,4,1504.23,2648451.68,876951.05,-1771500.63,Good,Central
680,Haryana,Karnal,2021,Kharif,Bajra,135.76,247.08,1.82,2221.2,15.4,25.2,Clay,Rain-fed,5998.66,878.59,Medium,No,4,1746.06,1417380.17,431416.5,-985963.67,Excellent,North
681,Bihar,Bhagalpur,2022,Rabi,Potato,102.15,2382.14,23.32,2893.2,16.6,75.2,Black,Canal,16578.22,1040.84,Small,No,4,1433.57,6278862.19,3414964.44,-2863897.75,Average,East
682,Maharashtra,Nashik,2019,Rabi,Barley,228.67,509.93,2.23,2009.9,23.0,64.1,Red,Sprinkler,32683.18,1100.97,Small,No,4,1991.76,5184665.3,1015658.18,-4169007.12,Good,West
683,Telangana,Karimnagar,2024,Kharif,Soybean,44.14,47.67,1.08,2781.7,32.6,56.1,Sandy,Drip,7263.84,210.9,Large,No,14,4098.79,972083.9,195389.32,-776694.58,Poor,South
684,Uttar Pradesh,Varanasi,2020,Zaid,Tomato,412.52,12788.12,31.0,2654.1,44.7,63.5,Sandy,Canal,49735.49,1568.36,Medium,No,7,1589.21,29936720.18,20323008.19,-9613711.99,Excellent,North
685,Rajasthan,Kota,2024,Rabi,Jowar,110.32,144.52,1.31,2279.5,13.7,71.2,Laterite,Drip,17299.16,1196.7,Small,Yes,5,2366.97,2113558.77,342074.5,-1771484.27,Average,North
686,Maharashtra,Nagpur,2024,Whole Year,Sugarcane,271.44,19923.7,73.4,168.2,11.1,29.7,Red,Canal,13404.54,1622.83,Small,No,4,281.06,22774476.82,5599755.12,-17174721.7,Good,West
687,Rajasthan,Jodhpur,2022,Rabi,Groundnut,317.97,661.38,2.08,2933.3,27.5,48.1,Alluvial,Rain-fed,51054.69,1660.22,Small,Yes,5,6083.14,10992361.3,4023267.13,-6969094.17,Good,North
688,Punjab,Jalandhar,2018,Kharif,Bajra,237.96,271.27,1.14,2200.4,35.0,93.8,Laterite,Rain-fed,34472.63,869.78,Large,Yes,19,2061.98,3453273.11,559353.31,-2893919.8,Average,North
689,Haryana,Karnal,2020,Rabi,Barley,467.83,1267.82,2.71,1443.2,34.4,51.1,Sandy,Canal,35297.12,1073.37,Small,No,4,1646.69,7778825.47,2087706.52,-5691118.95,Good,North
690,Rajasthan,Udaipur,2019,Rabi,Pulses,484.31,435.88,0.9,822.2,23.6,79.6,Clay,Drip,71748.0,718.05,Small,No,5,7113.85,6919494.49,3100784.94,-3818709.55,Average,North
691,West Bengal,Kolkata,2019,Kharif,Maize,66.87,314.96,4.71,168.7,27.4,83.5,Laterite,Canal,9306.78,727.18,Small,No,4,1584.19,1464762.67,498956.48,-965806.19,Good,East
692,Gujarat,Ahmedabad,2019,Rabi,Wheat,439.01,1655.07,3.77,1570.6,18.5,94.2,Red,Canal,19042.19,856.14,Small,No,5,2023.99,10858526.15,3349845.13,-7508681.02,Excellent,West
693,Bihar,Gaya,2024,Rabi,Wheat,116.89,293.39,2.51,2134.3,10.4,24.8,Black,Canal,13259.87,458.77,Small,No,2,1991.72,2850499.49,584350.73,-2266148.76,Average,East
694,Madhya Pradesh,Bhopal,2025,Kharif,Bajra,107.85,177.95,1.65,1918.4,40.1,25.7,Clay,Drip,17266.61,280.35,Medium,No,5,1739.69,1344962.65,309577.84,-1035384.81,Poor,Central
695,Odisha,Rourkela,2021,Kharif,Tomato,203.79,4106.37,20.15,1029.4,23.8,35.4,Clay,Sprinkler,19300.68,1563.23,Large,No,14,1323.18,15942201.65,5433466.66,-10508734.99,Average,East
696,Gujarat,Surat,2021,Rabi,Barley,249.07,630.15,2.53,1310.2,29.7,76.4,Red,Canal,22847.93,1326.53,Small,No,3,1651.75,5069299.18,1040850.26,-4028448.92,Average,West
697,Maharashtra,Aurangabad,2025,Kharif,Groundnut,235.19,357.49,1.52,1093.0,28.1,70.5,Alluvial,Sprinkler,40166.34,2498.25,Medium,No,9,5860.83,6700615.75,2095188.12,-4605427.63,Average,West
698,Maharashtra,Nagpur,2023,Rabi,Jowar,139.98,250.56,1.79,646.2,31.5,83.0,Clay,Sprinkler,9322.0,1196.24,Medium,No,7,2058.62,2214132.29,515807.83,-1698324.46,Good,West
699,West Bengal,Durgapur,2021,Kharif,Cotton,92.36,52.65,0.57,812.3,27.0,41.7,Sandy,Rain-fed,10643.31,241.04,Medium,No,10,6626.23,5042550.21,348871.01,-4693679.2,Excellent,East
700,Madhya Pradesh,Jabalpur,2025,Kharif,Bajra,256.05,350.79,1.37,2946.6,32.0,59.2,Black,Rain-fed,25913.31,1138.03,Small,Yes,1,1515.88,2835655.5,531755.55,-2303899.95,Average,Central
701,Uttar Pradesh,Lucknow,2024,Kharif,Cotton,445.76,138.19,0.31,1079.1,31.9,42.2,Laterite,Drip,32214.35,3477.57,Medium,No,12,5707.1,16006821.82,788664.15,-15218157.67,Excellent,North
702,Andhra Pradesh,Guntur,2021,Rabi,Maize,102.37,566.11,5.53,364.4,35.9,98.3,Alluvial,Rain-fed,5880.02,379.6,Small,No,5,1399.39,2091378.51,792208.67,-1299169.84,Excellent,South
703,Haryana,Karnal,2021,Kharif,Pulses,218.16,329.42,1.51,1393.9,18.1,87.8,Laterite,Rain-fed,22242.25,1991.98,Small,No,4,5057.57,4286965.81,1666064.71,-2620901.1,Excellent,North
704,Telangana,Karimnagar,2024,Zaid,Onion,161.72,3234.4,20.0,2530.8,31.2,49.8,Clay,Canal,20074.87,1405.06,Small,No,2,1183.31,7088452.37,3827297.86,-3261154.51,Good,South
705,West Bengal,Durgapur,2021,Rabi,Groundnut,480.37,936.72,1.95,1971.9,12.3,77.0,Black,Rain-fed,57659.73,2380.1,Small,No,4,5863.78,10252015.03,5492720.0,-4759295.03,Good,East
706,Madhya Pradesh,Jabalpur,2023,Rabi,Mustard,239.79,400.45,1.67,1970.5,31.0,84.8,Black,Rain-fed,21830.5,2246.31,Small,No,1,4738.54,4682676.72,1897548.34,-2785128.38,Good,Central
707,Tamil Nadu,Madurai,2025,Rabi,Maize,71.68,354.82,4.95,639.5,24.3,33.3,Black,Drip,11615.99,561.28,Medium,No,6,1472.95,1762143.64,522632.12,-1239511.52,Excellent,South
708,Uttar Pradesh,Kanpur,2018,Rabi,Onion,301.71,5807.92,19.25,880.2,37.4,62.7,Laterite,Tube Well,44206.68,2701.9,Small,No,2,1922.98,13014848.13,11168514.0,-1846334.13,Good,North
709,Maharashtra,Kolhapur,2018,Kharif,Jowar,197.51,258.74,1.31,2555.0,18.5,68.7,Alluvial,Tube Well,29555.8,1202.14,Small,No,2,1613.46,3172031.84,417466.64,-2754565.2,Good,West
710,Gujarat,Surat,2018,Whole Year,Sugarcane,264.92,21498.26,81.15,1695.9,35.4,91.1,Laterite,Tube Well,23723.84,2029.47,Medium,No,8,332.35,20215285.33,7144946.71,-13070338.62,Good,West
711,Karnataka,Mysuru,2018,Kharif,Cotton,300.3,129.13,0.43,1852.7,24.4,50.1,Alluvial,Canal,25236.11,956.68,Small,No,2,5899.88,13441652.59,761851.5,-12679801.09,Poor,South
712,Uttar Pradesh,Meerut,2024,Kharif,Cotton,9.17,4.4,0.48,1511.6,26.3,57.2,Red,Rain-fed,534.23,105.97,Small,Yes,1,5929.78,381721.75,26091.03,-355630.72,Average,North
713,Telangana,Karimnagar,2019,Rabi,Barley,178.03,486.02,2.73,2808.5,40.4,58.4,Alluvial,Sprinkler,11943.52,1983.58,Small,No,2,1872.17,3670248.87,909912.06,-2760336.81,Excellent,South
714,Tamil Nadu,Coimbatore,2023,Whole Year,Rice,202.3,693.89,3.43,1903.1,20.0,24.1,Sandy,Tube Well,11584.04,1177.87,Small,No,1,1966.42,7274666.51,1364479.17,-5910187.34,Average,South
715,Tamil Nadu,Chennai,2020,Rabi,Mustard,165.75,304.98,1.84,1942.1,15.0,81.0,Red,Canal,20944.57,668.53,Small,Yes,1,5601.59,3264106.26,1708372.92,-1555733.34,Excellent,South
716,Odisha,Cuttack,2024,Rabi,Jowar,495.22,990.44,2.0,573.8,11.3,78.2,Black,Drip,52276.87,5840.21,Large,No,12,1968.59,8971850.12,1949770.28,-7022079.84,Excellent,East
717,West Bengal,Durgapur,2025,Whole Year,Sugarcane,316.13,18114.25,57.3,2077.7,35.1,61.6,Alluvial,Tube Well,47091.18,1169.13,Medium,No,8,312.82,25402120.69,5666499.68,-19735621.01,Average,East
718,West Bengal,Siliguri,2018,Rabi,Barley,401.04,1203.12,3.0,1709.5,39.6,37.5,Red,Rain-fed,66863.17,4486.26,Medium,No,10,1871.26,7697126.75,2251350.33,-5445776.42,Good,East
719,Haryana,Hisar,2020,Rabi,Barley,474.3,1574.68,3.32,2785.8,12.0,52.5,Laterite,Drip,46477.23,5578.69,Small,No,3,1617.84,11284099.02,2547580.29,-8736518.73,Excellent,North
720,Gujarat,Bhavnagar,2021,Rabi,Groundnut,424.88,760.54,1.79,578.2,15.6,46.2,Laterite,Canal,22982.77,809.57,Medium,No,10,5238.97,9085942.26,3984446.24,-5101496.02,Poor,West
721,Bihar,Gaya,2018,Whole Year,Rice,89.61,355.75,3.97,1163.6,34.0,86.1,Alluvial,Tube Well,4682.38,252.47,Small,Yes,5,1647.83,2240631.94,586215.52,-1654416.42,Average,East
722,Bihar,Gaya,2024,Kharif,Tomato,54.66,1599.35,29.26,1625.7,39.1,42.8,Black,Rain-fed,6825.04,210.98,Medium,No,5,1345.34,2887836.3,2151669.53,-736166.77,Good,East
723,Gujarat,Rajkot,2020,Rabi,Potato,405.33,8783.5,21.67,951.6,34.7,52.1,Red,Sprinkler,54020.66,1344.08,Small,No,1,863.56,23359367.67,7585079.26,-15774288.41,Good,West
724,Haryana,Panipat,2020,Kharif,Maize,141.96,420.2,2.96,793.8,26.9,52.8,Clay,Tube Well,20174.4,614.4,Medium,No,4,1518.53,3331960.18,638086.31,-2693873.87,Average,North
725,Punjab,Ludhiana,2022,Kharif,Groundnut,406.45,983.61,2.42,2372.8,40.2,56.0,Alluvial,Rain-fed,53723.21,4689.91,Medium,No,6,4511.16,12904015.33,4437222.09,-8466793.24,Average,North
726,Gujarat,Ahmedabad,2025,Rabi,Mustard,74.94,103.42,1.38,1851.4,43.5,92.6,Clay,Drip,7381.73,710.39,Medium,No,9,4404.62,1127545.18,455525.8,-672019.38,Poor,West
727,Tamil Nadu,Coimbatore,2021,Rabi,Maize,340.5,1736.55,5.1,893.0,23.7,62.3,Sandy,Tube Well,57789.98,1077.09,Medium,No,4,1572.97,9556984.06,2731541.05,-6825443.01,Good,South
728,Tamil Nadu,Salem,2018,Whole Year,Sugarcane,9.94,906.13,91.16,282.1,39.0,53.4,Laterite,Tube Well,1193.45,110.87,Medium,No,8,310.03,855656.95,280927.48,-574729.47,Excellent,South
729,Madhya Pradesh,Ujjain,2022,Rabi,Groundnut,3.14,3.83,1.22,2482.4,18.4,20.2,Black,Canal,478.33,12.59,Medium,No,10,4524.52,103708.51,17328.91,-86379.6,Poor,Central
730,Bihar,Bhagalpur,2018,Kharif,Bajra,267.51,588.52,2.2,2580.2,42.4,51.1,Clay,Sprinkler,17338.16,2198.16,Small,No,3,1788.11,5207292.3,1052338.5,-4154953.8,Excellent,East
731,Uttar Pradesh,Meerut,2020,Kharif,Pulses,336.23,464.0,1.38,691.9,15.7,27.8,Alluvial,Sprinkler,60421.85,2893.98,Medium,Yes,6,8767.67,4045950.47,4068198.88,22248.41,Excellent,North
732,Bihar,Bhagalpur,2020,Rabi,Wheat,169.43,748.88,4.42,1650.3,27.9,58.5,Sandy,Sprinkler,25409.35,833.4,Small,No,2,2127.18,4151876.47,1593002.56,-2558873.91,Excellent,East
733,Assam,Nagaon,2019,Rabi,Wheat,73.76,289.88,3.93,1650.9,26.8,94.0,Clay,Sprinkler,3258.01,766.26,Medium,No,12,2265.52,2009537.29,656728.94,-1352808.35,Good,Northeast
734,Andhra Pradesh,Nellore,2019,Rabi,Potato,417.42,12601.91,30.19,1716.6,26.0,45.8,Alluvial,Drip,69290.0,584.46,Small,No,1,1590.13,28391907.23,20038675.15,-8353232.08,Good,South
735,Gujarat,Ahmedabad,2023,Kharif,Tomato,43.53,1349.43,31.0,1728.1,14.1,30.9,Laterite,Tube Well,7811.85,391.11,Small,No,1,1721.99,2930997.23,2323704.97,-607292.26,Excellent,West
736,Tamil Nadu,Salem,2022,Kharif,Rice,28.4,117.86,4.15,497.1,19.0,50.4,Red,Sprinkler,2487.61,157.12,Small,No,1,1848.8,1129540.93,217899.57,-911641.36,Excellent,South
737,Punjab,Patiala,2023,Kharif,Maize,434.88,2017.84,4.64,2569.6,22.7,27.6,Alluvial,Sprinkler,36775.04,1026.75,Medium,No,5,1438.91,9511351.18,2903490.15,-6607861.03,Good,North
738,Tamil Nadu,Tiruchirappalli,2019,Zaid,Onion,453.25,6318.3,13.94,1270.6,42.6,45.0,Laterite,Canal,59876.89,1794.66,Small,Yes,5,1111.85,16345609.68,7025001.85,-9320607.83,Poor,South
739,Gujarat,Bhavnagar,2019,Whole Year,Sugarcane,295.84,24942.27,84.31,337.8,15.9,71.9,Sandy,Canal,37961.43,350.66,Small,No,2,353.79,27479697.6,8824325.7,-18655371.9,Good,West
740,Madhya Pradesh,Gwalior,2018,Kharif,Pulses,288.77,418.72,1.45,1528.7,18.3,54.4,Sandy,Rain-fed,19332.01,1965.25,Small,No,5,6028.86,5135288.44,2524404.26,-2610884.18,Excellent,Central
741,Andhra Pradesh,Vijayawada,2024,Whole Year,Sugarcane,1.72,115.12,66.93,2265.7,34.2,66.1,Clay,Tube Well,97.69,14.42,Small,Yes,2,424.06,150263.89,48817.79,-101446.1,Good,South
742,Madhya Pradesh,Jabalpur,2019,Rabi,Barley,326.27,1128.89,3.46,139.9,13.7,36.5,Red,Drip,46135.88,3145.76,Large,No,23,1689.36,6586953.88,1907101.61,-4679852.27,Excellent,Central
743,Telangana,Warangal,2020,Kharif,Cotton,177.24,143.56,0.81,2020.7,27.1,95.9,Laterite,Canal,13345.39,1022.01,Small,No,1,6496.65,7640293.52,932659.07,-6707634.45,Excellent,South
744,Haryana,Rohtak,2020,Whole Year,Sugarcane,89.35,6910.33,77.34,2311.6,12.3,56.4,Alluvial,Drip,9194.83,765.97,Small,No,4,306.96,7077771.93,2121194.9,-4956577.03,Good,North
745,Uttar Pradesh,Lucknow,2021,Kharif,Pulses,192.91,243.07,1.26,1961.5,15.1,41.4,Alluvial,Tube Well,14598.19,402.64,Large,No,19,6866.01,2354079.88,1668921.05,-685158.83,Good,North
746,Assam,Guwahati,2021,Rabi,Mustard,126.8,229.51,1.81,2801.0,40.0,66.0,Sandy,Drip,16211.72,1490.15,Small,No,3,4922.19,2751162.52,1129691.83,-1621470.69,Excellent,Northeast
747,Rajasthan,Jaipur,2025,Kharif,Cotton,55.12,35.28,0.64,828.4,38.2,66.9,Clay,Rain-fed,7373.79,637.58,Medium,No,10,5943.71,1924058.33,209694.09,-1714364.24,Good,North
748,Punjab,Patiala,2023,Kharif,Bajra,266.71,437.4,1.64,1731.1,34.1,28.3,Red,Drip,26005.01,395.44,Small,No,1,1461.57,5306927.81,639290.72,-4667637.09,Average,North
749,West Bengal,Howrah,2021,Rabi,Potato,110.02,1823.03,16.57,2762.8,24.3,99.3,Clay,Tube Well,18106.24,1190.87,Small,No,5,895.02,7059155.4,1631648.31,-5427507.09,Poor,East
750,Tamil Nadu,Coimbatore,2018,Kharif,Bajra,271.0,579.94,2.14,118.4,39.5,85.4,Red,Rain-fed,44510.55,569.38,Small,No,5,1566.6,3867456.49,908534.0,-2958922.49,Excellent,South
751,Rajasthan,Udaipur,2020,Kharif,Rice,490.37,1838.89,3.75,658.4,38.8,38.7,Black,Drip,33060.67,1618.11,Small,No,4,1657.94,13578492.8,3048769.29,-10529723.51,Excellent,North
752,Assam,Silchar,2023,Kharif,Pulses,417.54,496.87,1.19,2517.5,15.6,50.2,Red,Sprinkler,18755.12,1221.74,Medium,No,5,6911.04,5894767.82,3433888.44,-2460879.38,Good,Northeast
753,Haryana,Panipat,2021,Rabi,Potato,133.8,3140.29,23.47,2063.7,43.2,94.6,Sandy,Sprinkler,21955.82,365.46,Large,No,28,972.47,7154521.11,3053837.82,-4100683.29,Good,North
754,Odisha,Sambalpur,2022,Kharif,Soybean,303.53,670.8,2.21,2523.3,16.9,43.6,Sandy,Rain-fed,51543.84,3224.09,Small,No,1,3729.74,7316136.72,2501909.59,-4814227.13,Average,East
755,Haryana,Sirsa,2025,Kharif,Groundnut,27.36,57.18,2.09,2416.9,18.4,24.1,Sandy,Tube Well,4482.09,100.04,Medium,No,12,4640.3,654371.94,265332.35,-389039.59,Good,North
756,Odisha,Cuttack,2018,Rabi,Groundnut,425.27,854.79,2.01,739.5,32.3,61.4,Sandy,Rain-fed,21263.9,3797.71,Small,No,3,5191.35,12851695.15,4437514.07,-8414181.08,Poor,East
757,Rajasthan,Jaipur,2018,Rabi,Onion,390.24,8862.35,22.71,2602.4,35.3,26.7,Red,Tube Well,20038.37,3343.39,Small,No,4,1918.74,18917189.74,17004545.44,-1912644.3,Excellent,North
758,Bihar,Darbhanga,2018,Rabi,Potato,494.21,11697.95,23.67,2404.6,27.6,43.2,Alluvial,Sprinkler,30788.5,3461.21,Small,No,5,1181.42,27050176.79,13820192.09,-13229984.7,Average,East
759,Haryana,Hisar,2020,Kharif,Tomato,251.21,6370.69,25.36,1459.7,27.8,57.4,Black,Tube Well,11766.54,2080.62,Large,No,30,1143.94,14482592.1,7287687.12,-7194904.98,Average,North
760,Tamil Nadu,Coimbatore,2024,Kharif,Groundnut,118.67,149.52,1.26,760.7,21.3,72.9,Alluvial,Sprinkler,18396.34,1143.57,Small,Yes,1,5767.08,2743501.79,862293.8,-1881207.99,Average,South
761,Odisha,Puri,2025,Rabi,Barley,393.48,987.63,2.51,1945.1,42.9,94.0,Red,Drip,19293.12,1552.64,Small,Yes,4,1879.67,9404978.58,1856418.48,-7548560.1,Poor,East
762,West Bengal,Kolkata,2022,Kharif,Pulses,481.11,548.47,1.14,1473.6,40.8,39.9,Red,Rain-fed,67617.8,1474.37,Medium,No,7,5387.15,6088594.05,2954690.16,-3133903.89,Average,East
763,Andhra Pradesh,Guntur,2020,Rabi,Jowar,204.41,208.5,1.02,1317.4,35.1,49.5,Clay,Tube Well,20507.32,438.46,Large,No,24,2111.41,3724425.66,440228.98,-3284196.68,Average,South
764,Telangana,Karimnagar,2020,Kharif,Soybean,379.07,443.51,1.17,1269.5,18.0,74.1,Alluvial,Tube Well,51419.21,1604.29,Large,No,10,4168.66,8001340.06,1848842.4,-6152497.66,Average,South
765,Bihar,Bhagalpur,2022,Kharif,Jowar,386.25,544.61,1.41,1712.7,27.5,34.3,Alluvial,Sprinkler,54681.12,956.66,Medium,No,9,1526.28,6515371.05,831227.35,-5684143.7,Good,East
766,Odisha,Rourkela,2021,Kharif,Cotton,105.26,54.74,0.52,2502.7,19.0,45.2,Clay,Canal,10027.15,362.16,Small,Yes,1,7327.87,4385263.22,401127.6,-3984135.62,Poor,East
767,Haryana,Sirsa,2018,Rabi,Barley,121.31,321.47,2.65,1528.5,14.7,71.5,Red,Canal,19838.26,1261.98,Medium,No,12,1748.33,2986289.46,562035.65,-2424253.81,Poor,North
768,Haryana,Panipat,2024,Rabi,Onion,6.33,129.89,20.52,2992.1,11.0,28.5,Laterite,Canal,740.38,64.65,Small,Yes,4,1570.62,300255.9,204007.83,-96248.07,Average,North
769,Odisha,Puri,2019,Rabi,Potato,458.42,12877.02,28.09,1236.1,31.3,47.7,Black,Canal,38311.03,816.01,Small,No,5,1029.47,25752605.26,13256505.78,-12496099.48,Excellent,East
770,Gujarat,Bhavnagar,2025,Kharif,Soybean,293.69,469.9,1.6,594.7,35.3,95.3,Sandy,Tube Well,32546.54,531.14,Small,No,4,3576.74,5379494.85,1680710.13,-3698784.72,Excellent,West
771,West Bengal,Durgapur,2020,Rabi,Jowar,470.39,531.54,1.13,161.6,37.7,39.0,Laterite,Rain-fed,47486.8,4561.87,Small,No,1,2022.44,6710188.55,1075007.76,-5635180.79,Poor,East
772,Punjab,Amritsar,2018,Kharif,Jowar,181.3,290.08,1.6,2472.7,36.7,50.9,Clay,Rain-fed,9096.75,2056.56,Small,No,2,1677.82,2430387.06,486702.03,-1943685.03,Excellent,North
773,Gujarat,Bhavnagar,2020,Kharif,Groundnut,243.21,440.21,1.81,1728.0,41.6,69.7,Sandy,Sprinkler,19616.37,2819.88,Small,No,5,4507.44,6789729.62,1984220.16,-4805509.46,Good,West
774,Madhya Pradesh,Jabalpur,2022,Kharif,Cotton,431.55,323.66,0.75,1633.0,24.3,37.0,Clay,Sprinkler,54388.76,1020.84,Small,No,1,6211.36,13458871.37,2010368.78,-11448502.59,Excellent,Central
775,Andhra Pradesh,Kurnool,2019,Zaid,Onion,143.6,1585.34,11.04,2986.6,44.7,66.6,Red,Rain-fed,20947.02,1259.05,Medium,No,10,2030.45,7383808.61,3218953.6,-4164855.01,Poor,South
776,Telangana,Khammam,2025,Rabi,Wheat,73.45,305.55,4.16,1946.7,29.9,31.8,Sandy,Canal,5965.39,697.43,Large,No,16,2371.97,2646382.51,724755.43,-1921627.08,Excellent,South
777,Odisha,Cuttack,2022,Rabi,Onion,388.36,7347.77,18.92,2885.8,11.9,69.8,Black,Tube Well,41250.38,2088.57,Small,No,1,1734.52,15281137.09,12744854.02,-2536283.07,Good,East
778,Tamil Nadu,Coimbatore,2021,Kharif,Soybean,325.44,592.3,1.82,2006.1,29.6,21.4,Alluvial,Canal,53897.78,3762.16,Large,Yes,14,5120.93,6718359.51,3033126.84,-3685232.67,Excellent,South
779,Bihar,Gaya,2024,Rabi,Barley,272.71,728.14,2.67,371.1,29.3,65.8,Alluvial,Rain-fed,34974.89,3042.92,Small,No,4,1549.13,6355817.94,1127983.52,-5227834.42,Poor,East
780,Bihar,Gaya,2023,Rabi,Barley,490.26,1255.07,2.56,656.9,19.3,63.3,Red,Tube Well,74264.44,2166.05,Small,No,1,1927.32,11435461.39,2418921.51,-9016539.88,Good,East
781,Bihar,Gaya,2018,Whole Year,Rice,300.6,1004.0,3.34,2995.5,14.1,98.4,Laterite,Tube Well,20527.44,569.14,Small,No,1,1533.54,7913129.26,1539674.16,-6373455.1,Good,East
782,Andhra Pradesh,Guntur,2019,Whole Year,Sugarcane,429.06,28772.76,67.06,2343.6,40.2,61.7,Sandy,Rain-fed,55730.71,3388.18,Small,No,3,307.01,41116278.74,8833525.05,-32282753.69,Average,South
783,Andhra Pradesh,Guntur,2024,Kharif,Maize,357.44,875.73,2.45,1269.3,40.2,73.7,Sandy,Drip,31539.46,2541.44,Small,No,4,1853.7,11053210.33,1623340.7,-9429869.63,Poor,South
784,Andhra Pradesh,Kurnool,2019,Zaid,Onion,12.34,289.87,23.49,862.1,44.0,35.9,Laterite,Drip,647.68,30.35,Large,No,15,1163.4,714430.28,337234.76,-377195.52,Excellent,South
785,Karnataka,Mangaluru,2019,Kharif,Bajra,103.25,279.81,2.71,2066.3,12.8,33.1,Laterite,Canal,7293.78,582.42,Medium,No,9,1479.41,1544359.9,413953.71,-1130406.19,Good,South
786,Rajasthan,Udaipur,2019,Kharif,Cotton,224.3,143.55,0.64,990.6,30.7,78.1,Red,Tube Well,19115.56,571.82,Small,No,1,5862.32,8325795.2,841536.04,-7484259.16,Excellent,North
787,Karnataka,Mysuru,2022,Zaid,Tomato,199.78,6816.49,34.12,2724.6,35.9,60.0,Sandy,Drip,33587.79,364.99,Medium,No,11,1862.55,13108516.29,12696053.45,-412462.84,Good,South
788,Haryana,Hisar,2022,Rabi,Jowar,86.64,160.28,1.85,1524.8,35.6,68.5,Red,Rain-fed,13976.91,307.39,Medium,No,5,2093.65,1019940.47,335570.22,-684370.25,Average,North
789,Rajasthan,Udaipur,2018,Kharif,Soybean,286.64,533.15,1.86,1529.2,34.6,63.6,Clay,Rain-fed,27629.06,3209.84,Small,No,1,3902.66,7795612.49,2080703.18,-5714909.31,Good,North
790,Gujarat,Bhavnagar,2020,Zaid,Tomato,183.18,4236.95,23.13,344.6,39.4,34.4,Clay,Sprinkler,15736.02,504.0,Large,No,21,719.28,10391212.6,3047553.4,-7343659.2,Poor,West
791,Assam,Guwahati,2022,Kharif,Groundnut,366.51,795.33,2.17,605.2,44.4,31.1,Sandy,Rain-fed,64376.86,3410.23,Large,No,27,5658.86,8806415.13,4500661.12,-4305754.01,Excellent,Northeast
792,Andhra Pradesh,Kurnool,2022,Rabi,Onion,476.59,10132.3,21.26,2567.5,37.9,96.1,Clay,Drip,63254.88,3319.5,Large,No,18,1559.57,20158179.62,15802031.11,-4356148.51,Excellent,South
793,Assam,Nagaon,2023,Zaid,Tomato,323.99,7779.0,24.01,1682.5,26.0,84.8,Black,Rain-fed,17117.43,3615.77,Small,No,4,1207.65,16801993.81,9394309.35,-7407684.46,Poor,Northeast
794,Telangana,Warangal,2018,Rabi,Mustard,138.18,294.32,2.13,284.1,32.0,97.9,Laterite,Tube Well,15822.66,722.57,Small,No,4,4606.97,2927398.22,1355923.41,-1571474.81,Excellent,South
795,Odisha,Cuttack,2023,Kharif,Jowar,247.46,507.29,2.05,1643.2,33.9,20.1,Clay,Drip,33537.62,2404.43,Small,No,1,1964.5,4622027.0,996571.21,-3625455.79,Good,East
796,Gujarat,Vadodara,2023,Kharif,Pulses,285.03,173.87,0.61,910.8,29.0,82.3,Alluvial,Sprinkler,22108.39,857.4,Small,No,4,5490.27,4426572.7,954593.24,-3471979.46,Poor,West
797,Maharashtra,Nagpur,2021,Rabi,Pulses,342.08,499.44,1.46,2389.7,39.1,37.8,Red,Tube Well,59681.49,3818.12,Large,No,15,5651.82,6446392.44,2822744.98,-3623647.46,Average,West
798,Uttar Pradesh,Varanasi,2023,Rabi,Potato,89.77,2120.37,23.62,2909.0,16.0,95.7,Red,Drip,7905.64,690.09,Medium,Yes,12,1054.99,4585177.16,2236969.15,-2348208.01,Excellent,North
799,Telangana,Karimnagar,2022,Rabi,Groundnut,8.8,14.43,1.64,2072.3,38.9,37.9,Red,Sprinkler,1125.85,20.41,Medium,No,5,5889.48,190941.99,84985.2,-105956.79,Average,South
800,Karnataka,Mysuru,2018,Kharif,Cotton,291.41,87.42,0.3,2531.8,17.4,44.6,Alluvial,Sprinkler,30165.23,1338.87,Small,Yes,2,7034.69,14698274.66,614972.6,-14083302.06,Average,South
801,Odisha,Puri,2019,Kharif,Cotton,224.22,65.02,0.29,1900.2,43.3,32.0,Clay,Canal,17867.43,2122.77,Small,No,2,5913.27,10178011.53,384480.82,-9793530.71,Poor,East
802,Haryana,Sirsa,2025,Kharif,Jowar,302.93,621.01,2.05,119.5,22.6,38.8,Sandy,Tube Well,35773.81,2858.7,Small,No,3,1890.18,5794726.32,1173820.68,-4620905.64,Good,North
803,Gujarat,Ahmedabad,2023,Kharif,Tomato,396.36,9960.53,25.13,966.1,15.9,59.4,Alluvial,Tube Well,34570.5,3626.23,Medium,No,9,1652.75,23689946.43,16462265.96,-7227680.47,Average,West
804,Odisha,Rourkela,2022,Kharif,Maize,152.97,382.43,2.5,340.6,34.3,98.8,Black,Drip,26090.63,163.5,Small,No,3,1523.5,3245109.78,582632.1,-2662477.68,Average,East
805,Madhya Pradesh,Indore,2021,Kharif,Maize,399.86,995.65,2.49,116.2,21.9,22.7,Red,Rain-fed,47094.09,1201.04,Small,No,5,1614.88,9341907.52,1607855.27,-7734052.25,Average,Central
806,West Bengal,Siliguri,2020,Kharif,Bajra,212.11,517.55,2.44,2186.1,20.2,53.1,Clay,Canal,12336.98,2185.92,Large,No,21,1572.75,4135515.37,813976.76,-3321538.61,Excellent,East
807,Madhya Pradesh,Bhopal,2019,Rabi,Potato,96.02,1501.75,15.64,515.3,39.4,20.6,Alluvial,Tube Well,5085.66,494.38,Small,Yes,2,1299.76,4428318.63,1951914.58,-2476404.05,Average,Central
808,Rajasthan,Jaipur,2020,Zaid,Onion,202.61,4441.21,21.92,613.1,16.3,48.0,Laterite,Sprinkler,15489.07,2371.8,Medium,No,6,1392.58,11461332.31,6184740.22,-5276592.09,Average,North
809,Rajasthan,Jodhpur,2019,Rabi,Jowar,191.82,228.27,1.19,396.5,11.9,89.5,Clay,Rain-fed,33462.82,1553.67,Small,No,2,1638.82,3428229.4,374093.44,-3054135.96,Poor,North
810,Assam,Nagaon,2020,Zaid,Tomato,163.59,4101.2,25.07,1743.9,31.5,79.3,Red,Canal,23326.74,1602.11,Medium,No,8,1007.15,10514430.29,4130523.58,-6383906.71,Good,Northeast
811,Uttar Pradesh,Meerut,2023,Rabi,Potato,394.89,10097.34,25.57,1028.6,42.9,41.3,Black,Rain-fed,55865.11,2406.18,Medium,No,6,1446.59,19229280.62,14606711.07,-4622569.55,Average,North
812,Andhra Pradesh,Guntur,2022,Kharif,Tomato,289.23,8697.15,30.07,2174.9,14.1,91.5,Sandy,Tube Well,29337.02,883.52,Small,Yes,1,1337.7,19047632.83,11634177.55,-7413455.28,Average,South
813,Assam,Jorhat,2019,Kharif,Cotton,354.25,141.7,0.4,2858.6,43.1,61.5,Red,Drip,15562.55,2985.42,Large,Yes,21,7000.14,18270250.34,991919.84,-17278330.5,Average,Northeast
814,Uttar Pradesh,Lucknow,2018,Whole Year,Sugarcane,303.68,29551.1,97.31,1604.0,27.7,65.5,Alluvial,Drip,41623.82,2715.66,Large,No,21,298.47,25963754.87,8820116.82,-17143638.05,Excellent,North
815,Punjab,Ludhiana,2021,Whole Year,Rice,489.02,1335.02,2.73,337.8,30.0,83.5,Alluvial,Canal,51068.39,2355.0,Large,No,28,2128.98,20710901.53,2842230.88,-17868670.65,Excellent,North
816,Uttar Pradesh,Varanasi,2020,Zaid,Onion,332.34,4253.95,12.8,903.8,40.4,60.9,Black,Tube Well,51597.41,3665.11,Medium,No,5,1173.54,16562869.83,4992180.48,-11570689.35,Good,North
817,Haryana,Hisar,2024,Kharif,Rice,366.15,776.24,2.12,2613.5,42.3,96.8,Laterite,Rain-fed,53228.1,928.55,Small,No,1,1581.15,11955398.4,1227351.88,-10728046.52,Good,North
818,Assam,Silchar,2018,Rabi,Wheat,223.8,960.1,4.29,2784.0,36.6,94.6,Red,Tube Well,32349.89,750.84,Small,No,4,2002.39,6635820.45,1922494.64,-4713325.81,Good,Northeast
819,Karnataka,Belagavi,2019,Rabi,Maize,88.89,161.78,1.82,1719.3,23.8,62.0,Alluvial,Canal,10729.04,408.27,Small,No,4,1377.28,2645355.68,222816.36,-2422539.32,Average,South
820,West Bengal,Durgapur,2023,Rabi,Potato,419.98,9546.15,22.73,2000.0,38.2,37.2,Clay,Tube Well,51854.25,1012.25,Medium,No,4,1421.09,19682739.49,13565938.3,-6116801.19,Good,East
821,Uttar Pradesh,Meerut,2021,Rabi,Groundnut,275.3,440.48,1.6,2311.5,14.6,87.7,Alluvial,Canal,45241.24,2632.9,Small,No,1,5133.69,7000146.34,2261287.77,-4738858.57,Good,North
822,Madhya Pradesh,Ujjain,2025,Whole Year,Sugarcane,84.01,6136.09,73.04,2192.5,13.0,54.1,Sandy,Canal,8210.11,204.13,Large,No,13,314.24,5917872.26,1928204.92,-3989667.34,Average,Central
823,Odisha,Bhubaneswar,2021,Rabi,Potato,17.16,227.03,13.23,1153.2,41.7,96.5,Sandy,Rain-fed,1571.84,185.73,Small,Yes,4,1533.74,865566.94,348204.99,-517361.95,Average,East
824,Odisha,Cuttack,2021,Whole Year,Sugarcane,420.95,31263.96,74.27,1439.1,10.1,23.5,Black,Canal,63822.87,2801.85,Small,Yes,4,358.88,31969272.37,11220009.96,-20749262.41,Average,East
825,Haryana,Panipat,2020,Kharif,Groundnut,272.64,607.99,2.23,2043.6,25.7,31.9,Black,Canal,48090.47,2384.88,Small,No,1,5112.88,5868575.09,3108579.91,-2759995.18,Excellent,North
826,West Bengal,Howrah,2023,Rabi,Wheat,406.69,1801.64,4.43,2866.3,27.2,36.0,Laterite,Drip,22770.09,1285.99,Small,No,3,2119.02,11999877.24,3817711.19,-8182166.05,Excellent,East
827,Gujarat,Vadodara,2022,Kharif,Bajra,103.08,157.71,1.53,2999.3,38.1,82.2,Sandy,Rain-fed,6382.9,1021.37,Large,No,23,1933.78,1481062.57,304976.44,-1176086.13,Good,West
828,Rajasthan,Bikaner,2019,Kharif,Jowar,415.52,644.06,1.55,193.0,44.3,52.2,Laterite,Canal,34689.35,1925.37,Medium,No,5,1535.4,6600594.57,988889.72,-5611704.85,Average,North
829,Haryana,Rohtak,2018,Whole Year,Rice,293.2,1293.01,4.41,297.0,35.0,80.6,Clay,Sprinkler,35296.48,1309.29,Medium,No,9,2049.12,7578029.17,2649532.65,-4928496.52,Good,North
830,Tamil Nadu,Chennai,2022,Kharif,Pulses,464.7,515.82,1.11,2970.1,32.4,71.8,Red,Rain-fed,56992.85,3967.01,Medium,No,12,6874.77,6050651.53,3546143.86,-2504507.67,Average,South
831,Haryana,Hisar,2021,Kharif,Bajra,476.32,881.19,1.85,819.9,39.1,81.0,Laterite,Drip,33118.99,4085.74,Small,No,3,1749.72,9107093.75,1541835.77,-7565257.98,Poor,North
832,Karnataka,Bengaluru,2019,Rabi,Potato,83.41,2435.57,29.2,2014.9,10.9,57.4,Sandy,Rain-fed,12909.69,579.37,Small,Yes,1,1741.1,4986075.93,4240570.93,-745505.0,Good,South
833,Telangana,Nizamabad,2019,Zaid,Tomato,118.37,3843.47,32.47,1757.5,30.8,90.8,Sandy,Rain-fed,19663.22,1286.91,Small,No,1,1650.24,7553493.15,6342647.93,-1210845.22,Good,South
834,Maharashtra,Kolhapur,2018,Zaid,Tomato,485.28,18178.59,37.46,981.9,14.8,80.6,Laterite,Sprinkler,54871.81,4421.82,Small,No,5,1185.94,37676044.4,21558717.02,-16117327.38,Good,West
835,Punjab,Ludhiana,2022,Kharif,Jowar,209.98,344.37,1.64,2503.6,16.3,35.1,Sandy,Canal,17205.3,1141.35,Medium,No,6,1857.63,3149037.19,639712.04,-2509325.15,Average,North
836,Maharashtra,Nagpur,2024,Kharif,Jowar,232.22,401.74,1.73,2997.2,42.6,58.2,Clay,Canal,17973.56,1736.37,Small,Yes,1,2329.64,3145675.44,935909.57,-2209765.87,Excellent,West
837,Assam,Nagaon,2021,Rabi,Maize,142.77,705.28,4.94,1718.7,21.7,50.2,Black,Rain-fed,17324.39,1491.79,Medium,No,6,1475.71,2660140.05,1040788.75,-1619351.3,Good,Northeast
838,Gujarat,Rajkot,2024,Kharif,Groundnut,360.46,670.46,1.86,870.4,27.9,32.1,Laterite,Canal,22136.89,1700.72,Small,No,3,5370.0,8523931.25,3600370.2,-4923561.05,Good,West
839,Maharashtra,Kolhapur,2020,Kharif,Rice,133.69,485.29,3.63,761.1,11.4,54.9,Alluvial,Rain-fed,14322.65,1590.45,Medium,No,5,1797.44,5008666.6,872279.66,-4136386.94,Excellent,West
840,Maharashtra,Pune,2021,Zaid,Tomato,293.66,9590.94,32.66,1137.5,36.4,68.0,Red,Drip,41130.86,642.4,Small,No,1,1144.25,23297645.83,10974433.1,-12323212.73,Excellent,West
841,Maharashtra,Nashik,2019,Rabi,Groundnut,390.1,979.15,2.51,1144.9,43.5,80.0,Laterite,Drip,29922.85,3034.62,Small,No,2,5545.52,9402970.95,5429895.91,-3973075.04,Good,West
842,Gujarat,Vadodara,2019,Kharif,Bajra,448.39,556.0,1.24,1595.8,34.5,67.6,Sandy,Tube Well,57514.16,3144.89,Large,No,22,1677.04,6955214.73,932434.24,-6022780.49,Good,West
843,Haryana,Panipat,2022,Kharif,Groundnut,393.85,838.9,2.13,2765.4,31.9,95.8,Sandy,Rain-fed,49745.44,2726.4,Medium,No,10,5544.72,11123616.51,4651465.61,-6472150.9,Excellent,North
844,Tamil Nadu,Salem,2022,Rabi,Potato,164.34,5007.44,30.47,2430.4,11.7,29.9,Red,Tube Well,22207.79,270.25,Medium,No,9,997.12,11152515.0,4993018.57,-6159496.43,Average,South
845,Punjab,Patiala,2019,Rabi,Wheat,40.22,112.21,2.79,2514.3,28.8,81.7,Laterite,Drip,3980.77,150.18,Large,No,13,2108.8,992561.07,236628.45,-755932.62,Average,North
846,Punjab,Jalandhar,2025,Kharif,Rice,13.36,47.96,3.59,2440.3,20.5,97.7,Alluvial,Drip,622.23,148.64,Large,No,18,2049.86,531877.65,98311.29,-433566.36,Good,North
847,Gujarat,Vadodara,2025,Kharif,Groundnut,164.11,200.21,1.22,2478.6,42.6,45.2,Alluvial,Rain-fed,23939.92,777.73,Large,No,19,5652.01,5657096.13,1131588.92,-4525507.21,Good,West
848,Tamil Nadu,Tiruchirappalli,2018,Kharif,Groundnut,122.02,183.03,1.5,1272.9,23.3,30.5,Clay,Drip,18041.81,573.69,Small,Yes,3,6050.92,4134072.3,1107499.89,-3026572.41,Excellent,South
849,Assam,Jorhat,2020,Zaid,Tomato,60.09,1134.5,18.88,2309.9,25.8,97.1,Laterite,Rain-fed,5016.69,148.89,Small,Yes,1,906.02,4195479.83,1027879.69,-3167600.14,Good,Northeast
850,Rajasthan,Bikaner,2022,Rabi,Jowar,496.69,874.17,1.76,1656.9,13.8,67.1,Laterite,Rain-fed,69305.83,5914.59,Small,No,2,1904.49,9350082.71,1664848.02,-7685234.69,Good,North
851,Assam,Guwahati,2022,Kharif,Bajra,497.11,676.07,1.36,575.9,38.4,26.1,Clay,Canal,83878.88,789.5,Small,No,4,1605.29,7109089.17,1085288.41,-6023800.76,Average,Northeast
852,West Bengal,Siliguri,2018,Kharif,Bajra,486.88,788.75,1.62,867.7,28.0,44.8,Black,Tube Well,66829.27,1732.4,Small,No,3,1428.29,8159235.5,1126563.74,-7032671.76,Average,East
853,Maharashtra,Nashik,2022,Kharif,Pulses,169.93,117.25,0.69,2652.2,13.9,95.6,Red,Rain-fed,13588.49,1174.21,Medium,No,11,6705.43,3094068.5,786211.67,-2307856.83,Poor,West
854,Haryana,Panipat,2025,Rabi,Mustard,382.31,454.95,1.19,1960.4,36.0,59.1,Black,Drip,61729.83,2716.69,Small,No,1,5077.29,6704303.58,2309913.09,-4394390.49,Excellent,North
855,Tamil Nadu,Chennai,2019,Rabi,Barley,481.2,1260.74,2.62,2172.8,16.8,50.9,Red,Sprinkler,67698.16,3143.9,Small,No,2,1665.51,8322442.49,2099775.08,-6222667.41,Average,South
856,Punjab,Ludhiana,2019,Rabi,Potato,220.83,5023.88,22.75,294.2,24.9,99.1,Alluvial,Sprinkler,16698.07,1848.41,Small,No,1,1460.68,10226191.32,7338281.04,-2887910.28,Good,North
857,Rajasthan,Jaipur,2025,Rabi,Barley,225.72,530.44,2.35,1961.2,32.8,92.8,Clay,Sprinkler,16642.18,1704.94,Small,No,5,1756.25,3962417.03,931585.25,-3030831.78,Average,North
858,Gujarat,Bhavnagar,2024,Rabi,Barley,442.51,1385.06,3.13,987.6,44.5,58.5,Clay,Drip,69585.34,951.93,Medium,No,8,1688.42,6798852.8,2338563.01,-4460289.79,Excellent,West
859,West Bengal,Asansol,2024,Rabi,Potato,88.34,1418.74,16.06,1714.6,17.9,56.0,Sandy,Drip,6480.39,858.3,Small,Yes,5,1354.03,5698578.57,1921016.52,-3777562.05,Poor,East
860,Andhra Pradesh,Visakhapatnam,2020,Kharif,Jowar,356.13,398.87,1.12,522.5,11.6,29.4,Red,Drip,23006.74,364.41,Small,No,4,1803.78,3969476.02,719473.73,-3250002.29,Poor,South
861,Tamil Nadu,Tiruchirappalli,2025,Rabi,Potato,61.73,1707.45,27.66,649.1,23.4,27.4,Black,Drip,10227.66,258.22,Small,No,1,1271.71,3867601.45,2171381.24,-1696220.21,Good,South
862,Maharashtra,Aurangabad,2020,Kharif,Cotton,155.36,102.54,0.66,2513.0,37.7,22.8,Red,Canal,16155.29,1439.81,Large,Yes,18,8543.22,6945859.32,876021.78,-6069837.54,Good,West
863,Haryana,Rohtak,2018,Rabi,Mustard,218.52,415.19,1.9,1324.0,13.2,21.0,Clay,Rain-fed,36768.08,937.45,Small,Yes,2,5444.99,4036110.17,2260705.4,-1775404.77,Excellent,North
864,Gujarat,Bhavnagar,2022,Zaid,Onion,21.94,380.66,17.35,1728.9,16.8,53.6,Red,Sprinkler,2579.15,113.15,Medium,No,10,1107.1,1100802.89,421428.69,-679374.2,Poor,West
865,Tamil Nadu,Coimbatore,2024,Kharif,Jowar,236.77,468.8,1.98,1507.4,31.5,49.1,Alluvial,Tube Well,23683.06,1182.25,Medium,No,10,1516.36,3775774.97,710869.57,-3064905.4,Excellent,South
866,Haryana,Hisar,2024,Rabi,Mustard,227.82,394.13,1.73,1721.3,40.5,50.4,Alluvial,Canal,26760.07,242.47,Large,No,21,5121.43,5332685.66,2018509.21,-3314176.45,Average,North
867,Rajasthan,Kota,2023,Rabi,Wheat,243.84,619.35,2.54,2269.1,27.1,50.8,Red,Canal,13050.34,2048.92,Medium,No,8,1855.14,8005233.51,1148980.96,-6856252.55,Average,North
868,Uttar Pradesh,Agra,2022,Kharif,Maize,71.32,256.04,3.59,1804.1,25.7,84.9,Alluvial,Sprinkler,5512.76,174.79,Medium,No,8,1523.71,2115932.15,390130.71,-1725801.44,Excellent,North
869,Gujarat,Bhavnagar,2020,Kharif,Rice,64.04,230.54,3.6,100.2,30.1,95.0,Black,Canal,8228.92,218.7,Medium,No,8,2165.45,2189345.93,499222.84,-1690123.09,Good,West
870,Uttar Pradesh,Meerut,2025,Kharif,Maize,459.85,2428.01,5.28,2667.9,19.8,24.7,Laterite,Tube Well,60365.87,5075.16,Small,No,3,1730.25,9824781.08,4201064.3,-5623716.78,Excellent,North
871,Gujarat,Ahmedabad,2024,Rabi,Mustard,4.12,6.39,1.55,2834.6,32.5,80.2,Black,Canal,231.81,20.97,Small,No,4,5063.09,62179.34,32353.15,-29826.19,Average,West
872,Haryana,Rohtak,2020,Kharif,Groundnut,374.02,497.45,1.33,2846.3,40.2,55.2,Sandy,Drip,25412.92,509.08,Small,No,3,5520.73,7506227.0,2746287.14,-4759939.86,Average,North
873,Assam,Guwahati,2022,Rabi,Jowar,349.86,545.78,1.56,2412.6,28.3,53.1,Sandy,Tube Well,24443.81,3649.77,Small,No,3,2169.58,6178496.49,1184113.37,-4994383.12,Good,Northeast
874,West Bengal,Kolkata,2020,Kharif,Bajra,402.58,495.17,1.23,2714.9,35.4,25.7,Alluvial,Sprinkler,18662.22,1960.46,Medium,No,7,1810.76,4302455.95,896634.03,-3405821.92,Poor,East
875,Madhya Pradesh,Jabalpur,2025,Whole Year,Sugarcane,169.36,13291.37,78.48,275.4,40.2,98.3,Laterite,Canal,24446.52,1003.6,Medium,No,8,369.1,16468220.5,4905844.67,-11562375.83,Good,Central
876,Tamil Nadu,Madurai,2020,Kharif,Soybean,191.93,458.71,2.39,2910.2,20.4,93.2,Sandy,Canal,16567.16,303.98,Medium,No,4,3893.47,3999209.58,1785973.62,-2213235.96,Excellent,South
877,Haryana,Rohtak,2024,Kharif,Maize,282.72,613.5,2.17,198.6,42.8,92.2,Alluvial,Canal,12991.19,2238.69,Small,Yes,5,1492.66,8853260.28,915746.91,-7937513.37,Poor,North
878,Karnataka,Mangaluru,2024,Rabi,Wheat,72.02,324.09,4.5,1391.0,23.6,74.9,Red,Drip,9271.74,393.76,Medium,No,9,2290.54,2648824.7,742341.11,-1906483.59,Good,South
879,Haryana,Hisar,2018,Rabi,Mustard,333.76,574.07,1.72,2376.3,41.5,48.6,Black,Canal,20728.9,1867.22,Medium,No,5,4383.41,5798280.97,2516384.18,-3281896.79,Average,North
880,Assam,Silchar,2023,Zaid,Onion,220.64,4046.54,18.34,1370.4,11.5,86.8,Black,Rain-fed,30577.58,2270.34,Small,No,3,1820.79,10976217.75,7367899.57,-3608318.18,Good,Northeast
881,Punjab,Amritsar,2019,Kharif,Rice,491.3,1699.9,3.46,727.1,20.6,77.7,Red,Tube Well,27803.87,1990.64,Small,Yes,2,2072.21,19148217.97,3522549.78,-15625668.19,Average,North
882,Haryana,Karnal,2022,Rabi,Pulses,477.75,496.86,1.04,1884.6,41.2,96.8,Alluvial,Sprinkler,69940.27,1758.09,Small,No,2,5114.26,7586299.01,2541071.22,-5045227.79,Excellent,North
883,Gujarat,Vadodara,2018,Rabi,Pulses,199.49,277.29,1.39,2490.3,12.1,63.7,Clay,Rain-fed,21315.52,296.24,Medium,No,11,6252.38,3779115.01,1733722.45,-2045392.56,Excellent,West
884,Assam,Silchar,2021,Rabi,Barley,154.07,568.52,3.69,2599.5,10.7,51.4,Laterite,Rain-fed,22529.16,1588.71,Small,Yes,2,2208.23,2423333.96,1255422.92,-1167911.04,Excellent,Northeast
885,Gujarat,Rajkot,2022,Rabi,Maize,92.64,316.83,3.42,632.9,12.1,34.9,Sandy,Drip,6543.8,318.18,Small,Yes,1,1840.59,1719182.87,583154.13,-1136028.74,Poor,West
886,Gujarat,Ahmedabad,2023,Kharif,Cotton,318.97,210.52,0.66,1300.6,18.9,21.1,Black,Canal,29907.79,1877.07,Medium,No,4,5563.18,14978339.06,1171160.65,-13807178.41,Poor,West
887,Assam,Jorhat,2023,Zaid,Onion,162.32,2386.1,14.7,595.9,35.8,81.7,Alluvial,Drip,15474.58,574.68,Medium,No,6,1936.54,9271492.34,4620778.09,-4650714.25,Good,Northeast
888,Rajasthan,Kota,2020,Rabi,Wheat,231.51,585.72,2.53,1827.9,10.0,55.6,Black,Sprinkler,36546.06,806.15,Medium,Yes,7,2556.06,5042645.21,1497135.46,-3545509.75,Poor,North
889,West Bengal,Howrah,2019,Kharif,Soybean,261.6,549.36,2.1,2090.5,29.8,54.7,Black,Tube Well,26451.49,1802.64,Small,No,5,4380.72,5858970.36,2406592.34,-3452378.02,Excellent,East
890,Karnataka,Mysuru,2019,Kharif,Groundnut,354.71,822.93,2.32,2759.8,26.8,81.2,Clay,Tube Well,56800.14,616.79,Large,No,14,5262.78,10190203.56,4330899.55,-5859304.01,Average,South
891,Bihar,Darbhanga,2022,Kharif,Soybean,433.25,996.47,2.3,500.5,35.3,58.1,Black,Canal,28104.28,1451.94,Small,Yes,2,4504.47,6831951.58,4488569.22,-2343382.36,Excellent,East
892,Maharashtra,Aurangabad,2022,Rabi,Pulses,365.84,567.05,1.55,2268.5,12.3,97.9,Alluvial,Tube Well,45489.31,1155.73,Small,Yes,1,6259.39,7970466.56,3549387.1,-4421079.46,Excellent,West
893,West Bengal,Howrah,2021,Zaid,Tomato,66.16,1565.35,23.66,2798.1,34.3,28.3,Alluvial,Drip,3030.13,631.52,Small,Yes,3,2095.68,3893883.25,3280472.69,-613410.56,Excellent,East
894,Odisha,Bhubaneswar,2023,Rabi,Potato,467.52,10051.68,21.5,1253.9,30.5,68.9,Red,Drip,68962.34,3984.05,Medium,No,5,1132.57,31091862.1,11384231.22,-19707630.88,Average,East
895,West Bengal,Kolkata,2025,Whole Year,Sugarcane,432.73,32861.52,75.94,1787.9,43.5,37.5,Black,Sprinkler,32330.04,5027.88,Small,No,5,318.71,28771393.08,10473295.04,-18298098.04,Good,East
896,Bihar,Gaya,2019,Rabi,Groundnut,7.98,11.09,1.39,2665.9,43.9,53.4,Laterite,Rain-fed,1385.06,84.96,Small,No,4,5894.79,169668.29,65373.22,-104295.07,Average,East
897,Gujarat,Rajkot,2023,Whole Year,Rice,291.03,1248.52,4.29,971.5,11.3,97.2,Laterite,Drip,39545.18,2226.74,Small,No,4,1740.65,9035322.43,2173236.34,-6862086.09,Good,West
898,Uttar Pradesh,Agra,2021,Kharif,Maize,193.28,931.61,4.82,356.5,43.9,40.5,Laterite,Drip,32615.79,1764.12,Large,No,20,1459.93,3888460.79,1360085.39,-2528375.4,Good,North
899,Odisha,Puri,2018,Rabi,Jowar,474.62,859.06,1.81,384.4,31.8,52.6,Clay,Drip,67115.86,5212.2,Medium,No,10,1684.57,5700248.83,1447146.7,-4253102.13,Good,East
900,Madhya Pradesh,Bhopal,2022,Kharif,Bajra,444.59,720.24,1.62,784.0,18.6,95.9,Black,Drip,22610.41,3899.26,Small,No,4,1643.4,6108053.29,1183642.42,-4924410.87,Poor,Central
901,Rajasthan,Udaipur,2024,Rabi,Mustard,250.19,382.79,1.53,2165.1,35.2,99.2,Clay,Sprinkler,43177.42,1242.3,Small,No,4,5189.35,4180310.91,1986431.29,-2193879.62,Good,North
902,West Bengal,Asansol,2024,Rabi,Onion,216.02,3307.27,15.31,613.5,20.0,21.8,Clay,Canal,25960.44,2414.72,Large,No,19,1560.46,11960843.5,5160862.54,-6799980.96,Good,East
903,Gujarat,Bhavnagar,2020,Kharif,Soybean,288.28,562.15,1.95,627.0,39.9,39.2,Laterite,Sprinkler,17048.66,1455.06,Medium,No,8,3681.59,4783435.09,2069605.82,-2713829.27,Good,West
904,Punjab,Patiala,2021,Kharif,Cotton,470.54,230.56,0.49,1018.5,20.8,77.5,Black,Rain-fed,56144.82,1609.3,Medium,No,4,5059.98,21710910.74,1166628.99,-20544281.75,Poor,North
905,Karnataka,Mangaluru,2023,Rabi,Mustard,71.9,87.0,1.21,1692.1,13.2,94.6,Alluvial,Sprinkler,4450.51,358.8,Large,No,15,4519.53,1657901.52,393199.11,-1264702.41,Poor,South
906,Maharashtra,Nashik,2025,Kharif,Rice,249.11,625.27,2.51,1979.5,38.6,22.0,Sandy,Rain-fed,37747.28,2647.65,Medium,No,11,1823.96,6885683.79,1140467.47,-5745216.32,Average,West
907,Telangana,Nizamabad,2024,Kharif,Cotton,234.55,157.15,0.67,1972.5,11.6,81.1,Clay,Sprinkler,36153.71,2333.86,Large,Yes,21,6520.25,12806919.73,1024657.29,-11782262.44,Excellent,South
908,Assam,Silchar,2025,Zaid,Tomato,365.01,6719.83,18.41,1443.0,39.6,35.6,Laterite,Canal,45476.65,1275.27,Medium,No,7,1691.98,23184716.44,11369817.96,-11814898.48,Average,Northeast
909,Haryana,Panipat,2020,Rabi,Mustard,100.03,148.04,1.48,1118.1,15.4,82.0,Red,Canal,12416.79,305.23,Medium,No,7,4412.76,2119772.24,653264.99,-1466507.25,Poor,North
910,Rajasthan,Jodhpur,2021,Kharif,Maize,76.24,391.11,5.13,757.8,31.6,91.5,Sandy,Tube Well,4910.08,317.21,Large,No,17,1769.12,1613011.65,691920.52,-921091.13,Excellent,North
911,Gujarat,Ahmedabad,2023,Whole Year,Rice,199.15,754.78,3.79,1431.4,27.9,51.1,Laterite,Canal,29280.78,1966.84,Medium,No,4,1569.07,6935965.12,1184302.65,-5751662.47,Good,West
912,Haryana,Rohtak,2021,Rabi,Mustard,353.34,600.68,1.7,2401.9,32.1,93.8,Alluvial,Tube Well,56652.45,3382.47,Small,No,3,4157.23,5688138.65,2497164.92,-3190973.73,Poor,North
913,Madhya Pradesh,Bhopal,2020,Kharif,Maize,317.74,1032.65,3.25,2991.7,22.1,99.2,Clay,Tube Well,19572.66,3168.68,Large,No,15,1407.18,9982424.99,1453124.43,-8529300.56,Average,Central
914,Gujarat,Surat,2023,Kharif,Cotton,328.39,154.34,0.47,2701.6,37.7,58.3,Red,Canal,52447.73,742.87,Small,No,4,5551.56,16646689.67,856827.77,-15789861.9,Excellent,West
915,Telangana,Nizamabad,2021,Kharif,Tomato,386.31,9499.36,24.59,139.3,33.1,37.6,Laterite,Drip,37155.67,629.94,Medium,No,7,1442.18,27120248.16,13699787.0,-13420461.16,Average,South
916,Gujarat,Ahmedabad,2023,Rabi,Potato,395.59,6756.68,17.08,1749.2,38.0,94.9,Clay,Canal,36220.32,2258.55,Medium,Yes,9,1174.96,22583150.49,7938828.73,-14644321.76,Average,West
917,Andhra Pradesh,Nellore,2021,Rabi,Barley,225.98,723.14,3.2,274.6,38.1,84.9,Black,Sprinkler,14377.26,2653.08,Medium,Yes,11,1851.15,3592642.22,1338640.61,-2254001.61,Excellent,South
918,Madhya Pradesh,Ujjain,2021,Zaid,Onion,453.06,8458.63,18.67,1742.9,25.9,22.9,Sandy,Rain-fed,31798.8,1275.23,Small,No,1,1937.26,27014721.47,16386565.55,-10628155.92,Good,Central
919,Karnataka,Hubballi,2018,Kharif,Bajra,348.03,713.46,2.05,1477.9,29.1,48.2,Clay,Drip,59756.28,2970.2,Large,No,19,1521.81,5577591.1,1085750.56,-4491840.54,Good,South
920,Gujarat,Rajkot,2022,Kharif,Cotton,476.95,348.17,0.73,1947.1,16.4,30.0,Black,Drip,27160.96,840.28,Medium,No,11,6615.11,17555187.4,2303182.85,-15252004.55,Excellent,West
921,Telangana,Karimnagar,2022,Kharif,Bajra,355.77,494.52,1.39,1727.7,23.8,44.7,Clay,Rain-fed,38955.98,1520.98,Small,No,3,1930.89,3874430.95,954863.72,-2919567.23,Poor,South
922,Gujarat,Rajkot,2024,Rabi,Potato,129.21,1882.59,14.57,808.4,21.0,37.6,Red,Canal,15820.58,678.01,Small,No,2,1570.31,6879319.08,2956249.9,-3923069.18,Good,West
923,Telangana,Khammam,2023,Rabi,Maize,112.15,453.09,4.04,1821.3,35.2,34.3,Alluvial,Canal,7021.9,310.89,Small,No,3,1440.86,2141737.96,652839.26,-1488898.7,Good,South
924,Maharashtra,Kolhapur,2023,Rabi,Barley,174.99,488.22,2.79,819.2,44.0,80.3,Alluvial,Drip,14530.26,670.45,Small,No,5,1560.66,3621217.64,761945.43,-2859272.21,Good,West
925,Madhya Pradesh,Ujjain,2021,Kharif,Tomato,138.62,2984.49,21.53,2654.7,40.7,41.1,Sandy,Tube Well,8869.91,480.99,Medium,No,6,1487.07,8552296.94,4438145.54,-4114151.4,Poor,Central
926,Andhra Pradesh,Kurnool,2022,Rabi,Wheat,79.69,435.9,5.47,2304.7,25.6,24.9,Red,Canal,12786.98,747.37,Small,No,5,2008.65,2005572.36,875570.54,-1130001.82,Good,South
927,Gujarat,Rajkot,2023,Kharif,Bajra,429.71,519.95,1.21,224.4,19.7,54.6,Alluvial,Rain-fed,73070.49,1131.08,Medium,No,4,1484.86,7465337.71,772052.96,-6693284.75,Average,West
928,Uttar Pradesh,Lucknow,2021,Rabi,Potato,167.33,3294.73,19.69,2150.2,23.7,46.5,Alluvial,Rain-fed,29272.36,1189.57,Small,No,5,1287.59,11433902.37,4242261.4,-7191640.97,Average,North
929,Rajasthan,Bikaner,2022,Kharif,Cotton,348.19,139.28,0.4,310.2,42.7,64.1,Black,Drip,28386.98,1051.27,Medium,No,6,5066.97,12610232.15,705727.58,-11904504.57,Average,North
930,Maharashtra,Nagpur,2022,Kharif,Groundnut,328.36,377.61,1.15,1407.2,30.3,60.4,Clay,Rain-fed,49057.09,2279.8,Small,No,3,5566.13,10986201.86,2101826.35,-8884375.51,Average,West
931,Maharashtra,Aurangabad,2018,Kharif,Maize,323.67,1304.39,4.03,929.5,26.3,35.1,Black,Sprinkler,22364.79,1457.78,Small,No,3,1868.35,6566349.39,2437057.06,-4129292.33,Average,West
932,Andhra Pradesh,Guntur,2024,Rabi,Groundnut,91.41,205.67,2.25,2286.3,36.6,35.9,Red,Tube Well,16377.22,718.45,Small,Yes,2,5818.12,1976019.75,1196612.74,-779407.01,Excellent,South
933,Punjab,Amritsar,2018,Kharif,Cotton,127.57,42.1,0.33,2107.5,33.5,54.2,Laterite,Sprinkler,21762.68,142.59,Large,Yes,25,6962.4,6422609.58,293117.04,-6129492.54,Good,North
934,West Bengal,Kolkata,2020,Whole Year,Sugarcane,106.09,8026.77,75.66,2739.7,35.7,64.5,Alluvial,Rain-fed,6777.86,139.98,Small,No,2,284.67,8657723.81,2284980.62,-6372743.19,Good,East
935,Bihar,Darbhanga,2018,Rabi,Wheat,359.13,1641.22,4.57,484.0,11.8,49.9,Laterite,Rain-fed,60434.7,1382.07,Large,No,13,2299.02,10261481.47,3773197.6,-6488283.87,Good,East
936,Karnataka,Belagavi,2022,Kharif,Groundnut,311.53,822.44,2.64,630.3,19.2,50.9,Clay,Tube Well,22378.63,3301.09,Small,No,4,5443.38,7816965.59,4476853.45,-3340112.14,Average,South
937,Haryana,Hisar,2020,Kharif,Soybean,401.53,750.86,1.87,1217.3,36.5,42.5,Alluvial,Tube Well,56800.03,1052.72,Small,No,2,3951.37,10039242.85,2966925.68,-7072317.17,Excellent,North
938,Uttar Pradesh,Lucknow,2020,Rabi,Wheat,489.68,1542.49,3.15,1589.2,18.2,47.7,Clay,Tube Well,48101.27,5435.62,Medium,No,5,2072.65,10229761.67,3197041.9,-7032719.77,Poor,North
939,Maharashtra,Pune,2021,Rabi,Barley,176.91,532.5,3.01,830.3,22.4,67.9,Clay,Canal,19311.29,512.91,Small,No,4,1874.22,3095524.02,998022.15,-2097501.87,Good,West
940,Uttar Pradesh,Kanpur,2018,Kharif,Soybean,75.68,80.98,1.07,2069.5,34.0,40.9,Clay,Rain-fed,12033.09,235.81,Small,No,5,4316.45,1334286.59,349546.12,-984740.47,Average,North
941,Maharashtra,Aurangabad,2018,Whole Year,Sugarcane,254.78,17368.35,68.17,885.8,10.7,33.3,Alluvial,Tube Well,34557.42,2401.43,Medium,Yes,9,354.67,20350146.85,6160032.69,-14190114.16,Average,West
942,Assam,Silchar,2024,Kharif,Groundnut,80.82,189.93,2.35,1300.9,19.4,56.2,Laterite,Rain-fed,6841.17,232.39,Large,No,10,5127.54,2690282.32,973873.67,-1716408.65,Excellent,Northeast
943,Haryana,Hisar,2020,Whole Year,Rice,286.78,768.57,2.68,928.9,12.5,93.9,Laterite,Drip,13159.13,2152.44,Small,No,5,1781.56,9669600.12,1369253.57,-8300346.55,Average,North
944,West Bengal,Howrah,2024,Rabi,Maize,332.38,811.01,2.44,1193.3,21.7,40.7,Sandy,Canal,43369.94,2347.76,Small,No,1,1433.82,8487767.64,1162842.36,-7324925.28,Poor,East
945,Punjab,Patiala,2021,Rabi,Potato,33.05,608.45,18.41,540.3,43.2,33.8,Black,Sprinkler,4788.47,218.96,Large,Yes,21,1506.26,1860820.63,916483.9,-944336.73,Average,North
946,Gujarat,Rajkot,2018,Rabi,Wheat,265.89,922.64,3.47,1229.4,44.6,80.0,Clay,Canal,12220.63,1401.49,Medium,No,11,2065.35,7827672.18,1905574.52,-5922097.66,Good,West
947,Rajasthan,Bikaner,2023,Zaid,Onion,319.27,6956.89,21.79,2271.9,37.1,29.5,Laterite,Drip,22502.03,2631.92,Small,Yes,4,2118.7,12717385.63,14739562.84,2022177.21,Excellent,North
948,West Bengal,Kolkata,2018,Whole Year,Sugarcane,306.26,25618.65,83.65,427.0,35.6,95.0,Sandy,Canal,16111.32,3212.58,Small,No,4,338.81,25653090.56,8679854.81,-16973235.75,Good,East
949,Andhra Pradesh,Kurnool,2019,Rabi,Pulses,257.33,295.93,1.15,157.7,17.7,54.6,Laterite,Canal,36862.54,2366.51,Medium,Yes,9,8805.8,4475589.81,2605900.39,-1869689.42,Good,South
950,Gujarat,Surat,2019,Whole Year,Rice,316.27,733.75,2.32,808.4,28.5,38.8,Clay,Canal,54064.6,2240.66,Small,No,5,1619.64,12830146.67,1188410.85,-11641735.82,Poor,West
951,Punjab,Ludhiana,2025,Rabi,Groundnut,82.84,135.03,1.63,807.8,17.9,87.5,Red,Tube Well,10381.34,434.0,Medium,No,7,5721.84,2163170.74,772620.06,-1390550.68,Poor,North
952,Tamil Nadu,Madurai,2019,Rabi,Mustard,89.34,109.89,1.23,1701.2,43.8,28.7,Black,Drip,5512.94,586.45,Small,No,5,4182.83,1852042.23,459651.19,-1392391.04,Poor,South
953,West Bengal,Howrah,2023,Rabi,Mustard,231.08,441.36,1.91,1632.2,21.4,95.0,Clay,Canal,22379.75,2507.72,Small,Yes,1,5299.45,4090656.89,2338965.25,-1751691.64,Good,East
954,Punjab,Bathinda,2019,Kharif,Tomato,124.43,2189.97,17.6,1859.4,43.5,29.3,Sandy,Canal,11115.09,936.66,Medium,No,7,1403.32,6901111.81,3073228.7,-3827883.11,Average,North
955,Uttar Pradesh,Lucknow,2020,Rabi,Potato,189.06,5471.4,28.94,1648.2,36.7,68.9,Alluvial,Tube Well,29516.16,476.81,Small,No,5,1274.54,12616592.77,6973518.16,-5643074.61,Excellent,North
956,Rajasthan,Jodhpur,2022,Kharif,Pulses,314.51,267.33,0.85,963.8,14.8,88.9,Black,Rain-fed,24385.97,1958.45,Medium,No,8,5157.32,5151273.61,1378706.36,-3772567.25,Average,North
957,Karnataka,Bengaluru,2018,Rabi,Jowar,154.19,188.11,1.22,1120.6,31.6,65.7,Laterite,Sprinkler,7792.38,1017.6,Medium,No,8,1578.78,2254324.61,296984.31,-1957340.3,Average,South
958,Karnataka,Mangaluru,2023,Kharif,Cotton,366.8,209.08,0.57,2992.0,20.3,66.7,Black,Sprinkler,29564.89,406.65,Medium,No,12,6612.41,19035437.03,1382522.68,-17652914.35,Good,South
959,Uttar Pradesh,Lucknow,2018,Rabi,Maize,70.63,236.61,3.35,940.6,31.1,24.9,Sandy,Drip,5500.55,718.25,Small,Yes,2,1593.49,1838066.75,377035.67,-1461031.08,Good,North
960,Telangana,Hyderabad,2023,Kharif,Bajra,333.71,457.18,1.37,1825.5,26.6,86.7,Clay,Canal,39199.75,1860.75,Large,Yes,24,2309.46,3494755.61,1055838.92,-2438916.69,Good,South
961,Telangana,Nizamabad,2024,Zaid,Onion,51.81,1279.71,24.7,1132.1,17.1,92.9,Alluvial,Rain-fed,4196.08,369.8,Medium,No,11,2172.37,2674647.79,2780003.61,105355.82,Average,South
962,Maharashtra,Aurangabad,2025,Rabi,Barley,251.82,770.57,3.06,156.6,14.1,57.8,Laterite,Canal,11173.81,1999.77,Small,No,1,1523.8,4460697.48,1174194.57,-3286502.91,Good,West
963,Maharashtra,Nagpur,2018,Rabi,Groundnut,137.86,215.06,1.56,2716.9,24.0,93.3,Red,Sprinkler,23656.75,710.82,Medium,Yes,9,6875.56,3659193.08,1478657.93,-2180535.15,Average,West
964,Rajasthan,Udaipur,2020,Kharif,Maize,63.32,152.6,2.41,2802.4,32.7,43.6,Black,Sprinkler,6955.48,397.93,Small,No,3,1523.42,1337300.84,232473.89,-1104826.95,Average,North
965,Uttar Pradesh,Lucknow,2021,Kharif,Jowar,156.96,142.83,0.91,497.8,21.7,47.8,Black,Drip,21693.81,1645.0,Medium,Yes,7,2098.75,3055234.02,299764.46,-2755469.56,Poor,North
966,Haryana,Panipat,2021,Rabi,Mustard,317.02,361.4,1.14,2340.0,28.8,63.6,Red,Tube Well,28059.66,1436.37,Medium,No,6,4217.13,6557854.75,1524070.78,-5033783.97,Good,North
967,Odisha,Rourkela,2020,Rabi,Potato,51.6,1028.9,19.94,1518.8,31.5,55.9,Black,Sprinkler,8682.9,351.91,Medium,No,5,1006.66,2766959.21,1035752.47,-1731206.74,Average,East
968,Madhya Pradesh,Jabalpur,2021,Kharif,Soybean,149.48,312.41,2.09,2574.2,20.4,86.7,Laterite,Canal,13437.8,643.22,Medium,No,7,3759.96,3888912.03,1174649.1,-2714262.93,Good,Central
969,Punjab,Patiala,2021,Kharif,Bajra,111.9,132.04,1.18,341.1,37.6,75.1,Red,Tube Well,18864.35,1318.68,Small,Yes,4,2091.92,2027723.18,276217.12,-1751506.06,Average,North
970,Rajasthan,Jodhpur,2025,Rabi,Jowar,98.95,146.45,1.48,633.5,33.9,45.1,Black,Rain-fed,13537.48,543.68,Medium,No,9,2010.26,1467063.3,294402.58,-1172660.72,Average,North
971,Tamil Nadu,Chennai,2019,Kharif,Jowar,178.76,200.21,1.12,909.7,23.4,27.0,Laterite,Rain-fed,25727.67,2014.39,Medium,No,5,2190.86,2188887.41,438632.08,-1750255.33,Poor,South
972,Uttar Pradesh,Varanasi,2022,Rabi,Mustard,314.92,607.8,1.93,1090.2,31.3,66.0,Black,Canal,17542.04,2158.75,Medium,No,4,4637.55,5145643.35,2818702.89,-2326940.46,Average,North
973,West Bengal,Durgapur,2020,Rabi,Wheat,270.61,974.2,3.6,2723.3,16.0,43.6,Alluvial,Tube Well,40241.62,1156.3,Medium,No,11,2149.7,7545886.13,2094237.74,-5451648.39,Good,East
974,Assam,Dibrugarh,2025,Kharif,Soybean,377.36,543.4,1.44,422.4,30.7,34.3,Black,Rain-fed,54463.21,2298.26,Small,No,1,4320.0,7128374.35,2347488.0,-4780886.35,Average,Northeast
975,Telangana,Khammam,2025,Rabi,Mustard,231.6,456.25,1.97,1634.5,42.1,41.0,Alluvial,Canal,34875.96,2256.45,Small,No,2,4627.69,4148462.3,2111383.56,-2037078.74,Good,South
976,Haryana,Hisar,2021,Rabi,Pulses,105.75,135.36,1.28,2561.9,14.0,26.6,Red,Tube Well,18828.79,677.7,Small,No,3,6441.09,2207539.67,871865.94,-1335673.73,Excellent,North
977,Bihar,Darbhanga,2020,Zaid,Tomato,223.2,5548.75,24.86,528.6,40.2,94.0,Sandy,Drip,15834.16,2161.14,Small,No,3,1667.87,14250457.66,9254593.66,-4995864.0,Excellent,East
978,West Bengal,Siliguri,2018,Zaid,Onion,98.38,1269.1,12.9,2258.8,14.3,39.3,Sandy,Canal,4078.93,1135.68,Small,No,4,1299.59,5032919.88,1649309.67,-3383610.21,Average,East
979,Haryana,Hisar,2024,Kharif,Rice,345.35,1094.76,3.17,393.1,27.6,29.8,Alluvial,Sprinkler,16763.12,860.58,Small,No,4,1548.78,11004584.84,1695542.39,-9309042.45,Average,North
980,Bihar,Darbhanga,2025,Kharif,Cotton,379.01,174.34,0.46,729.4,22.2,77.6,Laterite,Tube Well,28178.8,1851.66,Medium,Yes,4,7246.97,20612721.68,1263436.75,-19349284.93,Poor,East
981,Odisha,Sambalpur,2019,Kharif,Soybean,225.73,372.45,1.65,2596.2,38.7,39.2,Laterite,Tube Well,14905.23,1086.64,Large,Yes,19,4650.05,5186096.23,1731911.12,-3454185.11,Average,East
982,Odisha,Puri,2021,Kharif,Bajra,91.67,97.17,1.06,1824.1,44.9,72.0,Laterite,Canal,8070.27,343.13,Small,Yes,3,1885.44,1542767.28,183208.2,-1359559.08,Good,East
983,Assam,Guwahati,2025,Kharif,Soybean,168.05,329.38,1.96,968.9,39.0,23.4,Alluvial,Canal,7603.64,1405.25,Small,Yes,2,3783.82,3437644.17,1246314.63,-2191329.54,Excellent,Northeast
984,Assam,Nagaon,2019,Whole Year,Sugarcane,338.54,24537.38,72.48,1779.1,30.7,83.5,Black,Tube Well,33057.28,3307.59,Small,No,5,342.67,29683937.55,8408224.0,-21275713.55,Excellent,Northeast
985,Uttar Pradesh,Kanpur,2022,Rabi,Barley,382.87,1332.39,3.48,1116.8,39.9,39.0,Alluvial,Tube Well,55442.0,2293.55,Medium,Yes,8,2049.61,9448600.74,2730879.87,-6717720.87,Good,North
986,Tamil Nadu,Chennai,2019,Zaid,Onion,419.73,10161.66,24.21,2320.4,11.2,44.4,Red,Tube Well,46398.11,2833.13,Small,No,5,1510.86,21531095.21,15352845.63,-6178249.58,Excellent,South
987,Tamil Nadu,Coimbatore,2021,Kharif,Cotton,142.7,42.81,0.3,828.1,18.1,20.7,Black,Tube Well,23950.8,1621.48,Small,No,4,6938.65,4945588.54,297043.61,-4648544.93,Good,South
988,Uttar Pradesh,Meerut,2022,Rabi,Onion,484.97,7041.76,14.52,2557.4,40.2,38.6,Black,Tube Well,21764.98,3965.16,Small,Yes,3,2004.61,17660147.44,14115982.51,-3544164.93,Average,North
989,West Bengal,Asansol,2022,Rabi,Wheat,80.62,332.96,4.13,2536.5,32.5,24.8,Laterite,Tube Well,6718.81,927.31,Large,Yes,18,2430.73,2464784.84,809335.86,-1655448.98,Average,East
990,Karnataka,Mysuru,2024,Whole Year,Sugarcane,103.14,5378.75,52.15,1538.4,20.4,31.5,Alluvial,Canal,7952.31,1112.96,Medium,No,10,289.97,8389693.92,1559676.14,-6830017.78,Average,South
991,Punjab,Amritsar,2022,Rabi,Groundnut,50.51,52.53,1.04,134.8,29.1,55.9,Clay,Drip,2417.04,567.21,Medium,Yes,9,6220.7,1686980.34,326773.37,-1360206.97,Average,North
992,Uttar Pradesh,Lucknow,2023,Kharif,Cotton,479.26,148.57,0.31,1448.1,31.2,22.4,Black,Rain-fed,35501.33,2237.63,Medium,No,4,6597.06,16968055.13,980125.2,-15987929.93,Average,North
993,Madhya Pradesh,Indore,2025,Kharif,Maize,47.67,210.7,4.42,1742.5,36.0,57.8,Black,Rain-fed,5214.43,145.01,Small,No,3,1822.08,1331863.24,383912.26,-947950.98,Good,Central
994,Gujarat,Ahmedabad,2025,Rabi,Wheat,274.03,835.79,3.05,2519.3,25.9,44.5,Laterite,Canal,48682.81,710.2,Small,No,2,1910.2,6191994.05,1596526.06,-4595467.99,Average,West
995,Punjab,Amritsar,2023,Kharif,Maize,455.77,970.79,2.13,2867.6,42.0,73.1,Black,Tube Well,35560.82,4175.3,Small,No,2,1525.5,8348090.8,1480940.15,-6867150.65,Average,North
996,Gujarat,Rajkot,2023,Rabi,Wheat,461.55,1227.72,2.66,1450.3,38.6,77.6,Black,Drip,35931.1,2212.86,Medium,No,9,1867.17,9538852.4,2292361.95,-7246490.45,Good,West
997,Andhra Pradesh,Vijayawada,2023,Rabi,Mustard,86.19,158.59,1.84,2980.8,34.6,78.6,Sandy,Rain-fed,6528.19,613.33,Medium,No,12,4809.36,1316036.58,762716.4,-553320.18,Excellent,South
998,Punjab,Ludhiana,2022,Whole Year,Sugarcane,130.15,8237.19,63.29,2480.5,29.5,27.1,Sandy,Canal,15626.35,832.65,Medium,No,5,323.72,8036044.56,2666543.15,-5369501.41,Average,North
999,West Bengal,Asansol,2021,Kharif,Groundnut,416.97,1117.48,2.68,907.9,19.4,55.0,Laterite,Canal,46110.11,954.84,Medium,No,9,4911.48,9512075.94,5488480.67,-4023595.27,Good,East
1000,Punjab,Amritsar,2019,Kharif,Maize,372.0,1960.44,5.27,530.3,10.5,92.2,Black,Drip,54531.76,380.1,Small,No,4,1449.2,8215125.74,2841069.65,-5374056.09,Good,North
1001,Gujarat,Vadodara,2021,Rabi,Barley,306.48,726.36,2.37,2327.5,29.9,27.2,Alluvial,Canal,29687.84,315.41,Medium,No,5,1692.24,6904898.07,1229175.45,-5675722.62,Average,West
1002,Odisha,Cuttack,2020,Kharif,Pulses,101.57,135.09,1.33,2052.4,43.1,66.2,Laterite,Tube Well,4698.84,111.52,Medium,No,12,7472.48,2184724.87,1009457.32,-1175267.55,Average,East
1003,Odisha,Puri,2024,Kharif,Bajra,194.87,173.43,0.89,1830.5,39.4,67.2,Alluvial,Drip,14589.09,449.4,Small,No,4,1449.49,2136011.56,251385.05,-1884626.51,Poor,East
1004,Rajasthan,Jaipur,2023,Rabi,Potato,165.53,3486.06,21.06,2434.1,15.3,21.5,Clay,Sprinkler,25274.57,1375.89,Small,No,2,1022.19,8662760.0,3563415.67,-5099344.33,Average,North
1005,Gujarat,Bhavnagar,2022,Whole Year,Sugarcane,431.75,25455.98,58.96,255.6,12.0,31.0,Clay,Canal,66237.3,3786.34,Small,Yes,5,318.12,29747440.41,8098056.36,-21649384.05,Average,West
1006,Assam,Dibrugarh,2018,Rabi,Maize,71.23,269.96,3.79,303.1,19.2,46.0,Red,Rain-fed,5116.89,786.39,Medium,No,8,1395.86,2210105.18,376826.37,-1833278.81,Good,Northeast
1007,Karnataka,Bengaluru,2018,Whole Year,Sugarcane,80.58,5804.18,72.03,2856.2,29.3,46.6,Sandy,Canal,10969.08,912.24,Medium,No,9,314.6,4892491.8,1825995.03,-3066496.77,Average,South
1008,Assam,Jorhat,2019,Rabi,Mustard,31.36,39.51,1.26,867.1,24.3,24.3,Red,Tube Well,2318.21,80.8,Small,Yes,2,5219.4,617101.55,206218.49,-410883.06,Poor,Northeast
1009,Telangana,Karimnagar,2019,Kharif,Soybean,63.42,87.52,1.38,1643.8,23.1,59.8,Laterite,Rain-fed,9208.6,219.96,Medium,No,8,3812.06,1549368.31,333631.49,-1215736.82,Poor,South
1010,Maharashtra,Nagpur,2020,Kharif,Bajra,493.8,790.08,1.6,2493.1,10.9,69.8,Alluvial,Drip,20225.11,3205.47,Medium,No,7,1978.42,6464472.32,1563110.07,-4901362.25,Poor,West
1011,Maharashtra,Nagpur,2023,Rabi,Jowar,42.45,75.56,1.78,573.2,21.1,28.1,Clay,Drip,6607.22,354.46,Small,No,1,1856.57,784180.55,140282.43,-643898.12,Average,West
1012,Gujarat,Rajkot,2024,Kharif,Maize,138.75,635.48,4.58,2650.0,40.9,52.7,Sandy,Rain-fed,15469.12,1427.38,Medium,No,11,1797.92,3784195.42,1142542.2,-2641653.22,Good,West
1013,Telangana,Warangal,2023,Kharif,Rice,206.98,939.69,4.54,979.6,29.8,99.5,Red,Drip,15097.35,2174.33,Medium,No,8,2008.24,8811987.77,1887123.05,-6924864.72,Good,South
1014,Tamil Nadu,Coimbatore,2019,Kharif,Maize,168.8,871.01,5.16,1853.3,36.3,33.1,Alluvial,Tube Well,25318.59,200.72,Small,No,3,1685.69,3246223.15,1468252.85,-1777970.3,Excellent,South
1015,Telangana,Khammam,2025,Rabi,Onion,273.8,3329.41,12.16,822.3,40.0,54.3,Alluvial,Drip,23883.81,2041.0,Small,No,5,1948.18,14538887.15,6486289.97,-8052597.18,Average,South
1016,Maharashtra,Kolhapur,2024,Kharif,Jowar,496.54,973.22,1.96,153.0,39.6,85.3,Black,Drip,26195.03,4948.99,Small,No,3,1557.58,8571310.11,1515868.01,-7055442.1,Excellent,West
1017,Punjab,Ludhiana,2024,Whole Year,Rice,306.04,1061.96,3.47,2489.0,18.4,31.4,Clay,Tube Well,28739.32,3630.25,Small,Yes,2,1792.78,12719462.88,1903860.65,-10815602.23,Good,North
1018,Assam,Guwahati,2019,Rabi,Wheat,17.18,46.73,2.72,2816.7,38.5,39.3,Clay,Rain-fed,2485.18,128.62,Small,No,4,1827.35,575287.25,85392.07,-489895.18,Poor,Northeast
1019,Bihar,Muzaffarpur,2020,Zaid,Onion,342.19,7709.54,22.53,247.7,27.8,27.9,Clay,Sprinkler,54187.89,2736.65,Medium,No,9,2097.64,17354904.27,16171839.49,-1183064.78,Excellent,East
1020,Karnataka,Belagavi,2021,Kharif,Soybean,353.38,639.62,1.81,1718.5,33.7,87.0,Sandy,Canal,37470.41,3383.01,Medium,Yes,7,4916.68,5786663.61,3144806.86,-2641856.75,Excellent,South
1021,West Bengal,Asansol,2019,Zaid,Onion,488.0,10330.96,21.17,2062.9,40.8,67.0,Laterite,Sprinkler,52390.24,4647.63,Small,No,2,952.41,27795341.25,9839309.61,-17956031.64,Good,East
1022,Haryana,Karnal,2020,Zaid,Onion,273.97,6142.41,22.42,1162.4,22.3,89.4,Sandy,Canal,11523.8,2236.87,Medium,No,6,1177.27,12296193.93,7231275.02,-5064918.91,Excellent,North
1023,Odisha,Bhubaneswar,2024,Rabi,Barley,394.88,1145.15,2.9,1209.0,22.3,56.5,Laterite,Rain-fed,16896.61,3873.5,Medium,No,10,1809.87,6390714.89,2072572.63,-4318142.26,Good,East
1024,Assam,Dibrugarh,2020,Rabi,Wheat,28.4,86.34,3.04,964.8,15.1,25.8,Laterite,Canal,2001.12,142.11,Large,No,30,2113.61,699903.73,182489.09,-517414.64,Poor,Northeast
1025,Maharashtra,Nagpur,2019,Rabi,Barley,289.37,888.37,3.07,1559.8,17.7,20.8,Black,Rain-fed,35909.71,2866.03,Medium,No,7,1523.43,4632622.72,1353369.51,-3279253.21,Average,West
1026,Gujarat,Vadodara,2023,Zaid,Onion,349.44,7575.86,21.68,770.2,40.4,69.2,Alluvial,Drip,29136.36,698.13,Small,Yes,1,2259.75,16586771.68,17119549.63,532777.95,Good,West
1027,Uttar Pradesh,Agra,2024,Zaid,Tomato,160.71,3524.37,21.93,2258.9,42.0,28.9,Sandy,Canal,26809.1,1765.19,Small,Yes,2,1768.38,10031722.12,6232425.42,-3799296.7,Good,North
1028,Rajasthan,Kota,2020,Kharif,Groundnut,381.45,705.68,1.85,758.5,23.4,32.3,Alluvial,Rain-fed,55757.68,3916.86,Small,No,4,5202.85,7838865.01,3671547.19,-4167317.82,Excellent,North
1029,Haryana,Karnal,2025,Kharif,Cotton,413.63,198.54,0.48,2436.0,36.4,58.5,Clay,Drip,44407.99,3701.68,Small,No,3,6957.4,17890286.3,1381322.2,-16508964.1,Poor,North
1030,Assam,Jorhat,2022,Zaid,Tomato,420.43,9896.92,23.54,1431.2,16.3,24.0,Sandy,Drip,36378.26,3984.14,Small,No,2,1861.55,21655414.78,18423611.43,-3231803.35,Average,Northeast
1031,Maharashtra,Pune,2025,Rabi,Groundnut,126.09,213.09,1.69,1194.0,17.2,58.3,Black,Drip,21691.4,414.92,Small,No,4,5126.35,2783493.15,1092373.92,-1691119.23,Good,West
1032,Madhya Pradesh,Ujjain,2024,Rabi,Potato,304.08,7410.43,24.37,187.6,19.2,93.5,Sandy,Rain-fed,37336.48,1085.97,Small,No,3,1421.94,14532362.45,10537186.83,-3995175.62,Good,Central
1033,Punjab,Bathinda,2020,Kharif,Bajra,289.28,755.02,2.61,1049.4,39.9,54.3,Alluvial,Canal,24298.91,2458.86,Medium,No,4,1842.05,4339754.34,1390784.59,-2948969.75,Average,North
1034,Karnataka,Belagavi,2023,Whole Year,Sugarcane,218.73,15212.67,69.55,180.1,39.1,62.2,Red,Drip,23351.61,2288.67,Medium,Yes,7,355.02,14658770.13,5400802.1,-9257968.03,Average,South
1035,Karnataka,Bengaluru,2019,Rabi,Onion,418.12,9403.52,22.49,1521.3,31.2,97.5,Black,Rain-fed,26347.18,4003.0,Small,No,3,1048.23,17437745.47,9857051.77,-7580693.7,Good,South
1036,Andhra Pradesh,Kurnool,2021,Whole Year,Rice,88.68,239.44,2.7,1777.9,17.3,88.5,Red,Drip,3914.54,264.44,Small,No,5,2056.3,2241678.17,492360.47,-1749317.7,Poor,South
1037,Assam,Dibrugarh,2020,Kharif,Pulses,135.05,97.24,0.72,1684.5,40.4,56.0,Black,Drip,20645.27,254.47,Large,No,11,7220.43,2546031.32,702114.61,-1843916.71,Poor,Northeast
1038,Maharashtra,Kolhapur,2021,Kharif,Cotton,207.22,87.03,0.42,911.0,30.2,88.2,Laterite,Drip,24627.72,1990.91,Small,No,5,5010.66,7368185.78,436077.74,-6932108.04,Average,West
1039,West Bengal,Siliguri,2023,Whole Year,Sugarcane,78.98,6071.19,76.87,2471.1,29.3,28.7,Sandy,Drip,11321.18,274.34,Small,No,4,298.02,7459436.66,1809336.04,-5650100.62,Good,East
1040,Andhra Pradesh,Vijayawada,2024,Kharif,Cotton,326.46,208.93,0.64,2469.6,12.1,86.4,Clay,Rain-fed,33742.5,2645.86,Medium,No,6,6105.93,12272630.36,1275711.95,-10996918.41,Poor,South
1041,Andhra Pradesh,Nellore,2022,Rabi,Barley,12.67,37.25,2.94,1683.8,20.5,20.2,Clay,Rain-fed,2269.46,117.69,Medium,Yes,4,2097.28,306913.78,78123.68,-228790.1,Good,South
1042,Odisha,Cuttack,2018,Kharif,Maize,386.05,2042.2,5.29,2839.0,40.9,39.1,Black,Sprinkler,29442.77,2816.87,Small,No,2,1509.1,7988918.36,3081884.02,-4907034.34,Excellent,East
1043,Punjab,Amritsar,2021,Kharif,Soybean,21.33,48.63,2.28,2435.5,22.0,97.9,Black,Tube Well,3495.2,74.41,Small,No,1,3726.04,432202.57,181197.33,-251005.24,Good,North
1044,Tamil Nadu,Tiruchirappalli,2022,Rabi,Potato,312.27,6279.75,20.11,2637.9,20.3,39.7,Red,Tube Well,31147.58,337.15,Small,No,5,1599.86,14650066.77,10046720.83,-4603345.94,Good,South
1045,Bihar,Bhagalpur,2022,Rabi,Wheat,439.97,1636.69,3.72,2278.9,23.7,92.6,Sandy,Tube Well,55467.16,5044.33,Small,No,4,2040.89,9395370.72,3340304.25,-6055066.47,Good,East
1046,Andhra Pradesh,Guntur,2022,Kharif,Maize,453.3,1786.0,3.94,2614.2,32.4,65.3,Laterite,Sprinkler,57613.88,4426.53,Medium,No,11,1345.61,9613187.54,2403259.46,-7209928.08,Good,South
1047,Madhya Pradesh,Gwalior,2020,Rabi,Groundnut,237.25,483.99,2.04,1925.7,24.0,50.6,Red,Canal,39063.18,1348.28,Small,No,1,4506.76,6855664.34,2181226.77,-4674437.57,Average,Central
1048,Assam,Nagaon,2022,Kharif,Soybean,135.97,228.43,1.68,282.1,34.2,88.8,Alluvial,Canal,11488.28,541.16,Medium,Yes,5,4495.72,2126815.79,1026957.32,-1099858.47,Average,Northeast
1049,Karnataka,Mangaluru,2025,Rabi,Pulses,131.2,97.09,0.74,2108.0,18.8,30.5,Black,Tube Well,15263.27,1153.27,Small,No,3,6751.03,2282487.22,655457.5,-1627029.72,Good,South
1050,Uttar Pradesh,Lucknow,2022,Zaid,Onion,246.83,4894.64,19.83,2505.6,16.9,36.7,Red,Drip,30223.75,2924.43,Small,Yes,5,2302.4,11522456.03,11269419.14,-253036.89,Good,North
1051,Maharashtra,Aurangabad,2022,Whole Year,Rice,318.63,1003.68,3.15,1629.1,16.7,79.1,Red,Sprinkler,43947.33,2809.24,Small,No,2,1512.59,11202491.55,1518156.33,-9684335.22,Good,West
1052,Uttar Pradesh,Varanasi,2020,Kharif,Soybean,462.06,905.64,1.96,1024.8,23.1,82.9,Laterite,Drip,54413.52,1339.4,Large,Yes,13,4519.43,11711182.11,4092976.59,-7618205.52,Average,North
1053,Gujarat,Surat,2022,Kharif,Bajra,276.68,536.76,1.94,2654.4,32.6,27.3,Red,Drip,20583.81,1109.15,Small,No,5,1406.87,2803998.89,755151.54,-2048847.35,Average,West
1054,Gujarat,Vadodara,2020,Kharif,Tomato,20.84,365.12,17.52,2763.8,41.2,86.2,Black,Tube Well,1887.75,65.36,Small,No,1,724.39,1106728.54,264489.28,-842239.26,Good,West
1055,West Bengal,Kolkata,2021,Kharif,Cotton,381.74,148.88,0.39,564.9,39.3,27.5,Sandy,Drip,35702.24,406.05,Small,No,5,5287.13,16088943.21,787147.91,-15301795.3,Good,East
1056,Gujarat,Rajkot,2024,Rabi,Wheat,415.65,1708.32,4.11,2623.9,23.7,37.5,Sandy,Sprinkler,17226.73,3032.94,Small,No,3,2054.2,11640058.82,3509230.94,-8130827.88,Good,West
1057,Uttar Pradesh,Kanpur,2019,Kharif,Cotton,393.46,216.4,0.55,2398.4,19.1,77.0,Laterite,Sprinkler,23296.91,1259.29,Small,No,3,5232.61,19170018.44,1132336.8,-18037681.64,Good,North
1058,Karnataka,Hubballi,2024,Rabi,Jowar,238.83,487.21,2.04,191.8,40.1,36.7,Alluvial,Tube Well,19327.19,1877.31,Small,No,4,2066.2,3518876.96,1006673.3,-2512203.66,Average,South
1059,Haryana,Sirsa,2025,Kharif,Rice,418.11,1475.93,3.53,647.5,20.5,34.6,Red,Sprinkler,49525.41,2466.12,Small,No,4,1617.75,12699407.53,2387685.76,-10311721.77,Good,North
1060,Rajasthan,Jodhpur,2024,Rabi,Barley,224.87,487.97,2.17,1140.9,20.3,62.9,Clay,Drip,20910.67,2107.42,Small,No,3,1844.11,3761977.51,899870.36,-2862107.15,Average,North
1061,West Bengal,Durgapur,2019,Rabi,Pulses,489.65,377.03,0.77,1552.5,21.8,90.9,Laterite,Sprinkler,31540.0,2594.64,Small,No,5,6508.51,9965499.13,2453903.53,-7511595.6,Good,East
1062,Bihar,Gaya,2025,Kharif,Jowar,131.66,157.99,1.2,2554.6,32.2,79.0,Alluvial,Drip,13664.4,1516.46,Small,No,4,1535.86,2274744.39,242650.52,-2032093.87,Good,East
1063,Bihar,Muzaffarpur,2023,Rabi,Mustard,128.95,184.4,1.43,2070.4,23.6,38.7,Sandy,Canal,11796.86,550.14,Medium,No,12,4895.85,2541931.23,902794.74,-1639136.49,Poor,East
1064,Uttar Pradesh,Agra,2025,Rabi,Mustard,288.86,453.51,1.57,993.4,11.4,56.4,Sandy,Rain-fed,12380.75,3390.99,Small,No,4,4039.92,6642119.85,1832144.12,-4809975.73,Good,North
1065,Madhya Pradesh,Gwalior,2022,Rabi,Mustard,296.48,281.66,0.95,1500.8,25.4,36.9,Laterite,Rain-fed,40949.23,3191.4,Small,No,2,4881.87,5397802.93,1375027.5,-4022775.43,Poor,Central
1066,Karnataka,Mangaluru,2022,Rabi,Onion,307.54,5944.75,19.33,1976.4,25.1,37.4,Alluvial,Tube Well,47105.08,465.49,Small,No,4,1165.66,15990060.33,6929557.29,-9060503.04,Good,South
1067,Tamil Nadu,Tiruchirappalli,2025,Kharif,Groundnut,371.2,872.32,2.35,1035.7,10.8,73.7,Alluvial,Tube Well,22022.2,3753.87,Medium,Yes,12,6109.48,7856909.23,5329421.59,-2527487.64,Average,South
1068,Telangana,Karimnagar,2018,Rabi,Groundnut,103.76,244.87,2.36,1266.4,15.7,94.5,Clay,Canal,11044.14,1180.64,Medium,No,12,5758.96,2199855.37,1410196.54,-789658.83,Poor,South
1069,Odisha,Puri,2020,Kharif,Bajra,281.36,407.97,1.45,2662.4,17.1,84.3,Laterite,Canal,29277.13,3111.45,Small,No,3,1766.45,3296457.85,720658.61,-2575799.24,Average,East
1070,Uttar Pradesh,Lucknow,2021,Rabi,Potato,486.27,11320.37,23.28,2877.2,20.6,99.2,Sandy,Canal,27140.51,2405.44,Medium,No,11,821.43,24999841.28,9298891.53,-15700949.75,Good,North
1071,Andhra Pradesh,Guntur,2025,Kharif,Cotton,184.56,119.96,0.65,2879.9,19.5,64.9,Sandy,Sprinkler,24401.87,682.68,Small,Yes,1,6867.6,7448312.3,823837.3,-6624475.0,Good,South
1072,Assam,Guwahati,2024,Kharif,Pulses,476.97,352.96,0.74,430.3,40.9,62.2,Black,Canal,44427.81,4941.44,Large,No,14,7253.13,8843257.26,2560064.76,-6283192.5,Good,Northeast
1073,Punjab,Amritsar,2025,Rabi,Onion,58.1,995.83,17.14,552.6,32.1,23.4,Black,Drip,2576.87,460.16,Small,No,1,1490.54,2617566.47,1484324.45,-1133242.02,Average,North
1074,Andhra Pradesh,Nellore,2020,Kharif,Pulses,416.63,412.46,0.99,2844.9,33.1,21.5,Red,Tube Well,46275.06,3072.23,Small,No,4,6578.36,5369599.57,2713310.37,-2656289.2,Average,South
1075,Punjab,Jalandhar,2019,Rabi,Potato,429.43,8549.95,19.91,1236.5,10.5,22.6,Red,Canal,31612.53,996.5,Small,No,2,1595.41,22604498.2,13640675.73,-8963822.47,Average,North
1076,Assam,Dibrugarh,2022,Whole Year,Sugarcane,163.71,12974.02,79.25,633.3,18.9,99.9,Clay,Rain-fed,27175.64,309.98,Small,No,2,309.83,14129020.65,4019740.62,-10109280.03,Good,Northeast
1077,Gujarat,Bhavnagar,2018,Rabi,Barley,469.46,981.17,2.09,1156.3,10.3,64.1,Alluvial,Tube Well,48443.05,4719.06,Large,Yes,29,2029.76,7045510.91,1991539.62,-5053971.29,Poor,West
1078,Maharashtra,Nagpur,2024,Kharif,Soybean,422.39,646.26,1.53,1120.6,17.8,81.1,Alluvial,Tube Well,61477.13,3674.39,Medium,No,8,4179.67,11667115.02,2701153.53,-8965961.49,Poor,West
1079,Odisha,Rourkela,2020,Rabi,Wheat,437.26,2142.57,4.9,821.4,22.9,95.1,Laterite,Rain-fed,26811.83,1387.62,Small,No,4,2041.94,12393989.89,4374999.39,-8018990.5,Good,East
1080,Tamil Nadu,Salem,2022,Rabi,Barley,65.54,191.38,2.92,1505.3,41.9,91.0,Red,Drip,9489.49,751.38,Small,No,2,1582.89,1252291.76,302933.49,-949358.27,Good,South
1081,Punjab,Jalandhar,2024,Kharif,Groundnut,483.28,1014.89,2.1,1283.7,16.6,47.6,Sandy,Tube Well,80811.84,5522.83,Medium,No,12,4871.92,11989811.43,4944462.89,-7045348.54,Good,North
1082,Karnataka,Hubballi,2025,Rabi,Potato,226.02,5887.82,26.05,1358.1,20.5,39.8,Sandy,Drip,10586.73,2581.78,Medium,No,7,876.52,10397883.3,5160791.99,-5237091.31,Good,South
1083,Madhya Pradesh,Ujjain,2019,Kharif,Maize,201.82,890.03,4.41,939.8,11.7,98.3,Clay,Rain-fed,34348.25,527.71,Medium,No,5,1873.95,4494417.44,1667871.72,-2826545.72,Average,Central
1084,Madhya Pradesh,Indore,2022,Rabi,Potato,109.65,1753.3,15.99,2453.4,27.3,32.2,Clay,Tube Well,11602.16,149.66,Medium,No,9,1466.26,5648327.32,2570793.66,-3077533.66,Good,Central
1085,Bihar,Gaya,2022,Rabi,Mustard,165.42,310.99,1.88,261.3,16.4,46.9,Red,Canal,19822.59,1046.99,Small,No,1,4746.86,2747657.27,1476225.99,-1271431.28,Average,East
1086,Gujarat,Surat,2018,Kharif,Pulses,201.75,108.95,0.54,1474.2,22.8,70.2,Black,Rain-fed,25460.08,1109.51,Large,No,20,7445.43,2729546.76,811179.6,-1918367.16,Poor,West
1087,Assam,Dibrugarh,2018,Whole Year,Sugarcane,397.91,24001.93,60.32,2161.4,21.1,97.1,Clay,Drip,42776.38,3105.85,Large,Yes,11,378.79,34098715.79,9091691.06,-25007024.73,Good,Northeast
1088,Rajasthan,Jaipur,2021,Kharif,Groundnut,379.03,519.27,1.37,230.5,34.3,86.7,Clay,Tube Well,46873.44,674.98,Small,No,2,5189.43,8660137.92,2694715.32,-5965422.6,Poor,North
1089,Bihar,Bhagalpur,2022,Whole Year,Sugarcane,144.02,12238.82,84.98,1530.8,10.9,80.0,Sandy,Rain-fed,23221.81,1370.95,Small,Yes,1,399.49,10492449.01,4889286.2,-5603162.81,Good,East
1090,Andhra Pradesh,Vijayawada,2025,Rabi,Pulses,488.75,708.69,1.45,2927.5,13.1,75.6,Clay,Drip,78660.85,3677.35,Small,No,2,7429.0,6046030.09,5264858.01,-781172.08,Good,South
1091,Tamil Nadu,Madurai,2018,Kharif,Soybean,272.76,450.05,1.65,376.8,41.3,56.2,Alluvial,Tube Well,25894.77,1370.13,Medium,Yes,10,4073.18,5767873.92,1833134.66,-3934739.26,Excellent,South
1092,Punjab,Bathinda,2021,Rabi,Mustard,358.7,444.79,1.24,1664.8,44.5,99.6,Red,Tube Well,60705.21,3167.42,Small,Yes,5,4398.82,6394254.21,1956551.15,-4437703.06,Poor,North
1093,Bihar,Patna,2021,Rabi,Jowar,457.75,631.69,1.38,2850.7,32.0,75.5,Black,Rain-fed,52542.81,520.43,Small,No,3,1563.38,8703180.16,987571.51,-7715608.65,Average,East
1094,Gujarat,Bhavnagar,2021,Zaid,Tomato,361.47,8642.75,23.91,680.3,42.6,68.4,Laterite,Sprinkler,27800.87,443.64,Large,No,23,1333.6,22662585.54,11525971.4,-11136614.14,Poor,West
1095,Tamil Nadu,Salem,2018,Rabi,Barley,21.47,49.17,2.29,2127.9,13.2,87.1,Clay,Sprinkler,3460.78,40.09,Small,No,2,1905.38,403329.48,93687.53,-309641.95,Good,South
1096,Tamil Nadu,Madurai,2023,Kharif,Jowar,172.11,213.42,1.24,2008.6,13.9,72.5,Black,Sprinkler,30839.93,1684.26,Medium,No,4,1719.48,2754826.56,366971.42,-2387855.14,Average,South
1097,Punjab,Jalandhar,2025,Whole Year,Sugarcane,355.87,26871.74,75.51,2879.9,12.0,62.5,Clay,Drip,59997.81,3860.98,Small,No,3,319.04,22397443.45,8573159.93,-13824283.52,Good,North
1098,Rajasthan,Jodhpur,2022,Rabi,Groundnut,402.15,554.97,1.38,1281.6,18.7,76.2,Sandy,Rain-fed,68043.33,2009.27,Large,Yes,22,5334.01,8142193.59,2960215.53,-5181978.06,Average,North
1099,Odisha,Puri,2025,Kharif,Rice,453.52,966.0,2.13,2791.6,11.8,38.9,Laterite,Rain-fed,33296.91,4590.34,Small,Yes,5,2264.23,17082169.86,2187246.18,-14894923.68,Average,East
1100,Punjab,Bathinda,2019,Kharif,Rice,293.73,1348.22,4.59,270.2,35.9,71.1,Red,Sprinkler,17311.21,2259.2,Small,No,4,2029.88,10682511.86,2736724.81,-7945787.05,Good,North
1101,Rajasthan,Jodhpur,2019,Rabi,Barley,484.62,1226.09,2.53,1647.0,11.5,89.0,Laterite,Sprinkler,81616.02,5535.69,Large,No,18,1905.66,12025760.22,2336510.67,-9689249.55,Average,North
1102,Uttar Pradesh,Lucknow,2023,Whole Year,Sugarcane,347.05,24609.32,70.91,362.6,29.5,70.4,Black,Tube Well,42803.07,1675.03,Small,No,3,356.21,26349936.64,8766085.88,-17583850.76,Good,North
1103,Odisha,Cuttack,2023,Kharif,Maize,247.17,766.23,3.1,1281.5,10.4,97.6,Laterite,Canal,37945.64,2531.99,Small,No,4,1306.29,6002458.27,1000918.59,-5001539.68,Average,East
1104,Bihar,Muzaffarpur,2024,Kharif,Rice,99.17,233.05,2.35,1561.5,11.0,50.0,Red,Canal,4908.84,350.51,Medium,No,10,1847.94,2665470.26,430662.42,-2234807.84,Average,East
1105,Rajasthan,Bikaner,2025,Rabi,Barley,187.34,415.89,2.22,706.6,30.7,44.6,Sandy,Sprinkler,8978.46,960.89,Small,No,2,1548.54,4330646.02,644022.3,-3686623.72,Average,North
1106,Assam,Jorhat,2018,Kharif,Soybean,62.43,77.41,1.24,1964.7,28.4,66.0,Laterite,Rain-fed,10926.46,705.71,Medium,No,7,3929.69,1251625.51,304197.3,-947428.21,Good,Northeast
1107,Madhya Pradesh,Bhopal,2023,Rabi,Potato,132.66,3053.83,23.02,1686.1,10.2,74.9,Black,Drip,23332.2,1582.9,Medium,No,5,1233.65,6278906.53,3767357.38,-2511549.15,Excellent,Central
1108,Telangana,Hyderabad,2020,Kharif,Maize,302.13,842.94,2.79,650.0,38.6,75.2,Sandy,Rain-fed,21082.09,2570.74,Small,No,4,1473.46,5607186.49,1242038.37,-4365148.12,Poor,South
1109,Assam,Silchar,2023,Kharif,Cotton,407.92,346.73,0.85,1434.5,31.6,67.5,Red,Sprinkler,25759.05,2532.11,Small,No,2,5447.67,17692688.54,1888870.62,-15803817.92,Excellent,Northeast
1110,Uttar Pradesh,Lucknow,2020,Kharif,Cotton,11.82,6.74,0.57,100.4,24.8,35.1,Red,Tube Well,934.32,29.8,Large,No,12,6209.3,509817.65,41850.68,-467966.97,Average,North
1111,Punjab,Jalandhar,2023,Kharif,Tomato,431.15,9230.92,21.41,1092.1,41.4,24.6,Laterite,Sprinkler,43588.6,3702.28,Medium,No,7,861.61,19458793.81,7953452.98,-11505340.83,Poor,North
1112,Bihar,Bhagalpur,2021,Kharif,Cotton,92.97,79.95,0.86,2201.6,15.3,30.3,Laterite,Rain-fed,9795.38,301.34,Small,No,5,6399.69,2867589.72,511655.22,-2355934.5,Excellent,East
1113,Assam,Dibrugarh,2025,Whole Year,Rice,2.72,5.9,2.17,1197.5,11.2,69.1,Red,Tube Well,300.5,11.82,Medium,Yes,4,2353.87,84184.61,13887.83,-70296.78,Good,Northeast
1114,Assam,Jorhat,2022,Whole Year,Rice,237.15,834.77,3.52,1341.3,24.7,49.7,Black,Rain-fed,37056.32,273.13,Small,No,2,2063.4,9070322.23,1722464.42,-7347857.81,Good,Northeast
1115,Odisha,Sambalpur,2022,Kharif,Groundnut,142.08,206.02,1.45,1508.5,30.5,28.4,Red,Tube Well,19586.81,1034.07,Small,No,5,5562.1,4636312.39,1145903.84,-3490408.55,Average,East
1116,Haryana,Rohtak,2024,Whole Year,Rice,407.12,940.45,2.31,2136.4,33.2,31.4,Laterite,Rain-fed,33189.99,978.37,Medium,No,8,2125.23,11003877.69,1998672.55,-9005205.14,Good,North
1117,West Bengal,Asansol,2019,Rabi,Pulses,165.44,223.34,1.35,761.1,10.6,76.0,Red,Rain-fed,16737.77,1437.53,Large,No,16,7041.55,3593636.49,1572659.78,-2020976.71,Good,East
1118,Maharashtra,Aurangabad,2022,Kharif,Maize,171.16,840.4,4.91,2118.6,12.2,61.1,Sandy,Tube Well,10233.34,1988.38,Small,No,5,1689.36,3219403.22,1419738.14,-1799665.08,Good,West
1119,Odisha,Rourkela,2019,Kharif,Groundnut,192.83,352.88,1.83,2123.9,18.9,71.4,Laterite,Sprinkler,20334.97,2270.57,Medium,No,8,5087.12,6034725.76,1795142.91,-4239582.85,Good,East
1120,Gujarat,Vadodara,2022,Rabi,Barley,97.21,242.05,2.49,110.8,31.7,93.5,Red,Drip,9263.72,224.81,Medium,Yes,6,1925.3,1586864.27,466018.86,-1120845.41,Good,West
1121,Rajasthan,Kota,2023,Rabi,Potato,342.51,6380.96,18.63,1547.9,42.4,95.8,Alluvial,Sprinkler,49741.05,1693.1,Small,Yes,2,1140.52,13759183.64,7277612.5,-6481571.14,Good,North
1122,Tamil Nadu,Salem,2023,Rabi,Jowar,404.37,541.86,1.34,266.7,12.5,50.6,Alluvial,Sprinkler,22204.6,1183.34,Small,No,1,2038.89,6424341.1,1104792.94,-5319548.16,Average,South
1123,Maharashtra,Pune,2020,Rabi,Onion,101.59,1871.29,18.42,1334.8,27.9,38.7,Alluvial,Rain-fed,16398.33,917.57,Small,No,4,1152.18,5795447.62,2156062.91,-3639384.71,Good,West
1124,Assam,Dibrugarh,2020,Rabi,Mustard,256.83,292.79,1.14,2412.2,21.6,23.9,Sandy,Tube Well,18303.62,3034.27,Medium,No,5,4255.11,5311176.15,1245853.66,-4065322.49,Excellent,Northeast
1125,Bihar,Muzaffarpur,2019,Kharif,Tomato,298.59,11149.35,37.34,2696.4,40.7,30.8,Alluvial,Sprinkler,53329.54,2122.27,Small,No,5,1051.39,13574315.86,11722315.1,-1852000.76,Excellent,East
1126,Punjab,Jalandhar,2021,Kharif,Soybean,376.14,819.99,2.18,2923.7,10.5,45.7,Clay,Drip,45221.51,3176.55,Large,No,30,4261.27,5862911.5,3494198.79,-2368712.71,Good,North
1127,Gujarat,Ahmedabad,2020,Rabi,Potato,135.86,3852.99,28.36,228.5,18.2,27.2,Sandy,Tube Well,23978.48,344.95,Small,No,1,1174.92,8875940.41,4526955.01,-4348985.4,Excellent,West
1128,Madhya Pradesh,Indore,2025,Kharif,Pulses,236.11,240.83,1.02,1868.0,43.4,29.1,Alluvial,Canal,26417.86,1340.86,Small,No,5,6804.09,3309002.77,1638628.99,-1670373.78,Good,Central
1129,Bihar,Gaya,2023,Zaid,Onion,348.47,5934.44,17.03,1754.6,15.6,71.7,Red,Drip,61313.42,1994.29,Medium,No,12,1389.77,17621348.86,8247506.68,-9373842.18,Average,East
1130,Karnataka,Hubballi,2025,Whole Year,Sugarcane,50.23,3549.75,70.67,107.2,24.1,87.5,Red,Canal,4621.88,592.66,Small,No,1,326.87,4019711.47,1160306.78,-2859404.69,Average,South
1131,Uttar Pradesh,Agra,2023,Kharif,Tomato,282.0,7509.66,26.63,2524.3,42.7,94.2,Red,Drip,29447.44,729.97,Medium,Yes,12,2036.48,14185348.17,15293272.4,1107924.23,Good,North
1132,Karnataka,Mangaluru,2018,Whole Year,Rice,158.86,592.55,3.73,1672.2,32.3,24.5,Sandy,Sprinkler,24367.34,1879.11,Medium,No,5,1938.98,5385894.21,1148942.6,-4236951.61,Good,South
1133,Rajasthan,Jodhpur,2019,Zaid,Tomato,421.65,11721.87,27.8,292.3,30.4,45.6,Sandy,Canal,49795.05,1824.69,Small,No,4,917.94,31175577.37,10759973.35,-20415604.02,Good,North
1134,Maharashtra,Kolhapur,2025,Kharif,Groundnut,263.04,710.21,2.7,2087.2,24.0,32.1,Sandy,Rain-fed,35609.36,785.04,Large,No,29,4541.79,8613473.38,3225624.68,-5387848.7,Good,West
1135,Tamil Nadu,Tiruchirappalli,2019,Rabi,Maize,423.82,1076.5,2.54,2324.3,38.5,22.1,Laterite,Canal,71268.37,2232.8,Medium,No,4,1823.85,7908080.47,1963374.52,-5944705.95,Average,South
1136,Madhya Pradesh,Gwalior,2020,Rabi,Barley,194.42,470.5,2.42,897.2,34.7,73.0,Laterite,Sprinkler,24311.46,1165.61,Small,No,1,1710.36,3553810.24,804724.38,-2749085.86,Average,Central
1137,Gujarat,Bhavnagar,2021,Kharif,Cotton,177.8,122.68,0.69,1382.6,35.9,81.3,Clay,Drip,9604.93,821.79,Medium,No,9,5879.96,9357028.56,721353.49,-8635675.07,Excellent,West
1138,Telangana,Hyderabad,2025,Rabi,Barley,258.77,665.04,2.57,229.7,22.9,60.7,Red,Canal,45559.1,1145.06,Small,No,1,1825.7,5696978.62,1214163.53,-4482815.09,Poor,South
1139,Assam,Silchar,2023,Zaid,Tomato,100.03,2582.77,25.82,1040.5,36.3,85.5,Sandy,Tube Well,5046.58,141.26,Medium,No,11,1503.28,6383958.56,3882626.49,-2501332.07,Average,Northeast
1140,Uttar Pradesh,Kanpur,2022,Zaid,Onion,179.22,2774.33,15.48,2931.3,30.1,43.5,Red,Rain-fed,25375.42,1021.55,Small,Yes,4,1274.36,7703314.7,3535495.18,-4167819.52,Good,North
1141,Karnataka,Mangaluru,2021,Zaid,Tomato,178.18,4892.82,27.46,2148.6,15.6,92.8,Clay,Drip,23654.55,635.88,Small,No,2,1623.87,8870634.37,7945303.61,-925330.76,Average,South
1142,Rajasthan,Bikaner,2023,Rabi,Mustard,321.62,453.48,1.41,607.6,13.2,88.4,Clay,Sprinkler,15970.41,1549.1,Medium,No,10,4956.52,4579759.42,2247682.69,-2332076.73,Average,North
1143,Madhya Pradesh,Jabalpur,2022,Zaid,Onion,423.43,7672.55,18.12,2208.8,22.1,70.6,Alluvial,Tube Well,33739.31,806.91,Medium,No,5,1452.1,19498458.74,11141309.86,-8357148.88,Good,Central
1144,Uttar Pradesh,Kanpur,2019,Kharif,Jowar,202.84,350.91,1.73,2834.1,41.2,27.9,Alluvial,Sprinkler,27073.15,1065.45,Large,No,18,2072.11,2440967.76,727124.12,-1713843.64,Good,North
1145,Karnataka,Belagavi,2018,Rabi,Potato,296.15,5327.74,17.99,1274.7,33.3,99.8,Red,Canal,45508.51,1679.84,Large,No,10,1260.11,17583695.81,6713538.45,-10870157.36,Average,South
1146,Odisha,Cuttack,2019,Kharif,Jowar,208.39,200.05,0.96,2264.1,44.6,53.1,Black,Canal,12406.91,926.9,Small,No,2,2067.92,4004670.98,413687.4,-3590983.58,Good,East
1147,Odisha,Cuttack,2020,Rabi,Pulses,135.06,87.79,0.65,2709.0,17.3,55.0,Laterite,Tube Well,9575.62,760.49,Small,No,1,6185.88,2231649.73,543058.41,-1688591.32,Good,East
1148,Uttar Pradesh,Meerut,2022,Kharif,Tomato,61.03,1630.72,26.72,712.7,37.2,48.0,Laterite,Sprinkler,9716.3,670.57,Small,No,4,1757.62,2981408.78,2866186.09,-115222.69,Good,North
1149,Karnataka,Mysuru,2024,Kharif,Cotton,284.24,147.8,0.52,2723.3,23.3,69.0,Alluvial,Sprinkler,34555.25,778.1,Small,No,4,6701.62,10394004.42,990499.44,-9403504.98,Good,South
1150,Andhra Pradesh,Vijayawada,2018,Kharif,Cotton,2.24,1.41,0.63,1095.5,35.5,98.3,Alluvial,Sprinkler,379.79,8.54,Small,No,2,6066.89,97212.85,8554.31,-88658.54,Good,South
1151,Maharashtra,Aurangabad,2021,Kharif,Cotton,127.09,59.73,0.47,2242.9,12.9,74.9,Alluvial,Tube Well,19841.83,335.13,Small,No,5,5915.98,5455524.51,353361.49,-5102163.02,Average,West
1152,Rajasthan,Jodhpur,2019,Kharif,Maize,145.47,446.59,3.07,1378.4,32.8,54.0,Sandy,Drip,6873.09,990.9,Small,Yes,1,2006.38,4583819.18,896029.24,-3687789.94,Good,North
1153,Madhya Pradesh,Ujjain,2019,Kharif,Soybean,469.22,661.6,1.41,1651.1,16.0,28.3,Black,Rain-fed,71218.42,869.83,Small,Yes,4,4601.85,8875530.86,3044583.96,-5830946.9,Average,Central
1154,Karnataka,Bengaluru,2024,Rabi,Pulses,72.25,79.48,1.1,674.0,42.4,77.7,Alluvial,Sprinkler,4702.67,662.79,Small,Yes,2,5965.58,1229841.31,474144.3,-755697.01,Average,South
1155,Telangana,Nizamabad,2018,Kharif,Pulses,457.84,352.54,0.77,377.2,20.1,32.3,Laterite,Rain-fed,49106.06,977.06,Small,No,5,6415.97,5581496.82,2261886.06,-3319610.76,Poor,South
1156,Gujarat,Vadodara,2021,Kharif,Cotton,65.23,31.96,0.49,191.4,21.2,89.5,Sandy,Drip,4291.25,191.59,Small,Yes,1,6139.39,2958097.69,196214.9,-2761882.79,Good,West
1157,Haryana,Karnal,2021,Whole Year,Sugarcane,105.33,6650.54,63.14,1961.1,22.7,61.4,Black,Drip,6547.88,954.53,Small,No,4,347.93,7723876.56,2313922.38,-5409954.18,Good,North
1158,Uttar Pradesh,Varanasi,2024,Whole Year,Sugarcane,305.1,16472.35,53.99,864.8,27.9,54.4,Alluvial,Drip,44044.0,2753.99,Medium,No,10,355.04,26075766.9,5848343.14,-20227423.76,Average,North
1159,Assam,Silchar,2022,Kharif,Pulses,89.5,71.6,0.8,1273.8,37.1,46.8,Red,Rain-fed,15882.41,487.52,Medium,No,5,5668.78,1757807.39,405884.65,-1351922.74,Average,Northeast
1160,Uttar Pradesh,Meerut,2021,Zaid,Tomato,310.17,6985.03,22.52,873.1,37.4,49.6,Red,Rain-fed,49273.43,2691.55,Small,No,3,1900.95,18232795.67,13278192.78,-4954602.89,Poor,North
1161,Telangana,Warangal,2023,Kharif,Cotton,64.51,45.8,0.71,1699.2,21.9,40.0,Alluvial,Drip,10504.82,566.26,Large,No,28,5301.47,2101828.95,242807.33,-1859021.62,Excellent,South
1162,Uttar Pradesh,Agra,2024,Kharif,Cotton,162.67,94.35,0.58,1291.4,21.5,79.9,Red,Tube Well,7101.98,1566.95,Small,No,3,6131.01,7280449.18,578460.79,-6701988.39,Good,North
1163,Andhra Pradesh,Kurnool,2019,Kharif,Groundnut,177.89,394.92,2.22,341.6,23.8,82.5,Clay,Drip,24415.29,350.84,Small,No,2,5210.98,4570544.46,2057920.22,-2512624.24,Excellent,South
1164,Uttar Pradesh,Lucknow,2019,Whole Year,Sugarcane,407.44,40157.29,98.56,155.4,41.4,50.9,Alluvial,Tube Well,28162.62,998.21,Small,No,2,339.22,29300643.62,13622155.91,-15678487.71,Good,North
1165,Gujarat,Surat,2023,Kharif,Pulses,419.33,670.93,1.6,1935.2,23.6,76.2,Alluvial,Rain-fed,28814.71,4182.98,Medium,No,8,5028.37,6690039.5,3373684.28,-3316355.22,Good,West
1166,Tamil Nadu,Chennai,2019,Rabi,Maize,351.56,1026.56,2.92,1434.5,31.7,56.1,Clay,Canal,34325.32,3789.49,Small,No,5,1366.56,6844278.94,1402855.83,-5441423.11,Average,South
1167,Uttar Pradesh,Meerut,2018,Rabi,Wheat,388.26,1393.85,3.59,2221.0,11.2,80.3,Red,Drip,28120.64,4539.8,Small,No,4,2299.94,12355305.35,3205771.37,-9149533.98,Good,North
1168,Telangana,Nizamabad,2019,Whole Year,Sugarcane,412.94,33150.82,80.28,357.0,12.2,25.7,Laterite,Rain-fed,51233.2,584.17,Large,No,12,290.37,24948545.17,9626003.6,-15322541.57,Good,South
1169,Telangana,Khammam,2019,Rabi,Onion,24.73,552.72,22.35,568.5,41.9,32.0,Sandy,Rain-fed,3943.2,276.58,Small,No,1,1872.39,910282.69,1034907.4,124624.71,Good,South
1170,Punjab,Amritsar,2022,Kharif,Maize,477.43,1499.13,3.14,2696.4,42.7,44.2,Alluvial,Drip,85697.65,1577.82,Small,No,4,1639.28,13080721.4,2457493.83,-10623227.57,Average,North
1171,Assam,Nagaon,2019,Kharif,Cotton,30.32,15.46,0.51,2580.1,40.9,83.3,Black,Drip,4935.09,291.36,Small,No,1,6992.72,1139618.98,108107.45,-1031511.53,Average,Northeast
1172,Odisha,Bhubaneswar,2020,Rabi,Mustard,145.37,236.95,1.63,1432.2,32.1,45.4,Laterite,Canal,21538.74,1116.92,Large,No,26,4442.2,2588406.46,1052579.29,-1535827.17,Average,East
1173,Madhya Pradesh,Ujjain,2019,Kharif,Cotton,19.72,9.27,0.47,2914.8,33.0,50.3,Sandy,Sprinkler,1256.26,158.86,Small,No,1,5152.27,708672.02,47761.54,-660910.48,Poor,Central
1174,Madhya Pradesh,Jabalpur,2018,Rabi,Groundnut,482.94,482.94,1.0,1688.8,38.5,47.0,Alluvial,Drip,70544.2,3122.37,Small,Yes,2,6030.4,14879361.6,2912321.38,-11967040.22,Good,Central
1175,West Bengal,Siliguri,2022,Rabi,Jowar,213.53,333.11,1.56,2947.7,30.9,98.5,Black,Sprinkler,11709.0,2539.83,Medium,No,11,1743.51,3551875.17,580780.62,-2971094.55,Good,East
1176,Rajasthan,Kota,2022,Rabi,Mustard,426.02,630.51,1.48,350.6,15.5,52.3,Clay,Sprinkler,41201.72,547.35,Small,Yes,1,5115.42,9623883.08,3225323.46,-6398559.62,Average,North
1177,Maharashtra,Pune,2021,Whole Year,Rice,255.11,885.23,3.47,622.1,11.4,76.0,Laterite,Canal,41524.98,264.74,Medium,No,10,1879.05,6678751.66,1663391.43,-5015360.23,Good,West
1178,Bihar,Patna,2025,Kharif,Maize,4.85,12.61,2.6,2188.3,14.3,89.6,Clay,Drip,289.06,12.47,Small,No,2,1470.35,123697.8,18541.11,-105156.69,Average,East
1179,Odisha,Cuttack,2021,Kharif,Soybean,16.94,16.6,0.98,2278.8,19.4,68.4,Black,Drip,1562.27,162.61,Medium,No,9,4167.01,436011.12,69172.37,-366838.75,Poor,East
1180,Rajasthan,Jodhpur,2023,Zaid,Onion,463.9,8494.01,18.31,1816.9,42.3,20.6,Laterite,Sprinkler,26197.56,4037.0,Medium,No,12,2174.71,23181024.52,18472008.49,-4709016.03,Good,North
1181,Madhya Pradesh,Indore,2020,Rabi,Mustard,425.89,472.74,1.11,1904.0,41.9,77.0,Alluvial,Drip,34999.44,3298.91,Large,Yes,26,5252.74,8755389.1,2483180.31,-6272208.79,Average,Central
1182,Tamil Nadu,Salem,2025,Whole Year,Sugarcane,275.75,19277.68,69.91,2055.0,42.4,37.9,Laterite,Drip,40215.72,1785.46,Large,No,10,347.37,19052609.77,6696487.7,-12356122.07,Average,South
1183,Bihar,Patna,2020,Rabi,Wheat,412.13,1957.62,4.75,1389.4,42.6,92.3,Clay,Rain-fed,50888.4,474.42,Medium,No,9,2348.98,14060417.13,4598410.23,-9462006.9,Good,East
1184,Maharashtra,Pune,2022,Kharif,Maize,417.22,1506.16,3.61,1949.1,34.1,48.7,Red,Tube Well,52187.2,2910.29,Small,Yes,1,1738.65,8915281.41,2618685.08,-6296596.33,Good,West
1185,Maharashtra,Nashik,2025,Rabi,Mustard,42.41,58.1,1.37,370.4,17.8,73.1,Black,Sprinkler,5186.08,299.85,Small,No,1,4614.43,676206.79,268098.38,-408108.41,Poor,West
1186,Andhra Pradesh,Kurnool,2020,Kharif,Pulses,148.58,181.27,1.22,1546.8,41.8,45.8,Black,Tube Well,11808.81,449.61,Medium,No,6,5531.48,2544111.23,1002691.38,-1541419.85,Average,South
1187,Maharashtra,Pune,2025,Rabi,Potato,154.6,3317.72,21.46,2832.7,23.9,28.6,Sandy,Sprinkler,13008.9,633.81,Large,No,22,939.29,8498304.23,3116301.22,-5382003.01,Poor,West
1188,Punjab,Amritsar,2022,Rabi,Maize,226.64,974.55,4.3,742.7,15.1,83.6,Clay,Tube Well,18302.62,678.59,Small,Yes,5,1997.24,5307058.49,1946410.24,-3360648.25,Excellent,North
1189,Punjab,Amritsar,2024,Kharif,Groundnut,452.51,909.55,2.01,1383.6,13.5,43.6,Red,Tube Well,26895.76,1104.69,Small,No,5,5891.42,10250483.62,5358541.06,-4891942.56,Excellent,North
1190,Telangana,Warangal,2020,Rabi,Mustard,191.84,326.13,1.7,2519.2,23.9,98.9,Alluvial,Canal,33757.07,447.41,Small,No,1,4362.48,4182562.87,1422735.6,-2759827.27,Average,South
1191,Punjab,Amritsar,2020,Whole Year,Rice,48.51,112.54,2.32,794.1,18.5,49.9,Red,Rain-fed,6043.73,93.73,Small,Yes,1,1899.59,1544162.18,213779.86,-1330382.32,Good,North
1192,Uttar Pradesh,Kanpur,2023,Rabi,Groundnut,350.31,641.07,1.83,1126.3,31.0,20.2,Laterite,Tube Well,62933.24,3478.88,Small,Yes,3,6962.79,7724596.99,4463635.79,-3260961.2,Good,North
1193,Gujarat,Vadodara,2025,Rabi,Mustard,143.15,198.98,1.39,935.0,18.6,21.0,Clay,Canal,18049.99,1631.16,Small,No,1,5104.0,2963319.53,1015593.92,-1947725.61,Poor,West
1194,Gujarat,Vadodara,2024,Kharif,Soybean,172.96,321.71,1.86,2303.0,12.3,22.1,Sandy,Drip,20327.71,1735.66,Medium,No,4,3906.78,2761190.23,1256850.19,-1504340.04,Average,West
1195,Punjab,Amritsar,2020,Kharif,Cotton,337.91,199.37,0.59,2071.3,25.5,50.9,Laterite,Rain-fed,23190.66,1252.57,Small,No,1,6078.3,15085769.9,1211830.67,-13873939.23,Excellent,North
1196,Uttar Pradesh,Agra,2022,Kharif,Pulses,207.63,157.8,0.76,929.6,15.3,44.9,Black,Canal,9145.79,1912.49,Small,No,2,6424.49,3608347.78,1013784.52,-2594563.26,Poor,North
1197,Uttar Pradesh,Kanpur,2019,Kharif,Cotton,130.57,78.34,0.6,1556.4,23.3,69.0,Red,Rain-fed,19023.42,899.51,Small,No,5,5403.41,6146619.53,423303.14,-5723316.39,Good,North
1198,Andhra Pradesh,Vijayawada,2023,Rabi,Mustard,459.76,450.56,0.98,2358.9,33.4,22.4,Laterite,Sprinkler,28925.09,2624.16,Small,No,2,5045.81,8132236.01,2273440.15,-5858795.86,Poor,South
1199,Karnataka,Mysuru,2022,Kharif,Soybean,111.08,157.73,1.42,2855.5,22.8,51.4,Laterite,Tube Well,11740.78,612.95,Small,No,5,3925.86,1904014.22,619225.9,-1284788.32,Poor,South
1200,Andhra Pradesh,Guntur,2023,Zaid,Tomato,11.82,233.8,19.78,116.9,24.5,30.4,Sandy,Rain-fed,1013.9,81.23,Small,Yes,1,2197.35,842462.03,513740.43,-328721.6,Poor,South
1201,West Bengal,Siliguri,2020,Rabi,Barley,370.11,1147.34,3.1,1794.5,17.5,74.8,Alluvial,Drip,18584.29,2713.21,Small,No,3,1950.52,6240226.55,2237909.62,-4002316.93,Average,East
1202,Maharashtra,Aurangabad,2025,Kharif,Jowar,144.15,204.69,1.42,1745.0,40.0,31.0,Black,Tube Well,11644.86,1183.45,Small,No,5,1870.79,1576434.83,382932.01,-1193502.82,Average,West
1203,Telangana,Warangal,2021,Kharif,Cotton,322.91,232.5,0.72,2786.7,34.5,41.6,Black,Rain-fed,34988.36,3043.53,Small,No,4,6260.28,15103326.95,1455515.1,-13647811.85,Good,South
1204,Bihar,Darbhanga,2024,Kharif,Cotton,57.3,48.7,0.85,2493.8,10.9,95.9,Black,Tube Well,4635.85,635.98,Small,No,5,5407.08,3141259.42,263324.8,-2877934.62,Excellent,East
1205,Odisha,Sambalpur,2024,Kharif,Rice,469.31,1741.14,3.71,1546.4,35.9,26.9,Red,Rain-fed,19345.8,2201.65,Medium,No,8,2123.46,19961707.4,3697241.14,-16264466.26,Good,East
1206,Punjab,Bathinda,2023,Rabi,Mustard,140.69,157.57,1.12,2614.6,15.1,69.7,Black,Tube Well,23955.85,719.8,Medium,No,4,4092.93,3234353.35,644922.98,-2589430.37,Average,North
1207,Haryana,Panipat,2023,Rabi,Onion,270.91,5708.07,21.07,2227.9,30.2,80.6,Clay,Canal,21677.62,2172.33,Small,Yes,2,1111.95,15534147.47,6347088.44,-9187059.03,Good,North
1208,Telangana,Warangal,2023,Kharif,Cotton,137.95,77.25,0.56,1428.4,22.3,24.0,Black,Tube Well,17862.13,294.41,Small,No,4,5563.66,4517827.51,429792.73,-4088034.78,Average,South
1209,Karnataka,Mangaluru,2022,Kharif,Rice,481.07,1183.43,2.46,1441.5,41.9,28.2,Sandy,Tube Well,65977.83,3898.7,Small,No,4,1565.39,15546389.35,1852529.49,-13693859.86,Poor,South
1210,Gujarat,Bhavnagar,2024,Rabi,Wheat,284.81,1244.62,4.37,1371.8,30.3,77.0,Red,Drip,17765.42,490.56,Large,No,10,1999.7,10715330.86,2488866.61,-8226464.25,Excellent,West
1211,Madhya Pradesh,Jabalpur,2023,Rabi,Pulses,294.44,285.61,0.97,534.9,22.9,49.2,Red,Drip,35624.4,2215.94,Medium,No,6,5969.74,5474988.59,1705017.44,-3769971.15,Good,Central
1212,Assam,Jorhat,2023,Kharif,Jowar,34.2,62.93,1.84,2794.2,25.0,58.8,Red,Canal,5269.2,326.27,Small,No,3,1643.16,650124.95,103404.06,-546720.89,Good,Northeast
1213,Karnataka,Hubballi,2024,Rabi,Barley,128.27,286.04,2.23,2242.1,12.1,45.6,Sandy,Sprinkler,22071.97,730.01,Large,Yes,27,1886.27,3098061.96,539548.67,-2558513.29,Average,South
1214,Andhra Pradesh,Nellore,2020,Rabi,Mustard,319.82,422.16,1.32,2608.6,39.6,96.0,Laterite,Rain-fed,33204.76,2947.41,Medium,Yes,12,4846.17,6694773.04,2045859.13,-4648913.91,Average,South
1215,Tamil Nadu,Salem,2021,Kharif,Rice,5.3,14.1,2.66,239.3,15.0,88.6,Red,Drip,431.04,22.22,Small,No,1,1744.16,202316.57,24592.66,-177723.91,Poor,South
1216,West Bengal,Siliguri,2025,Rabi,Wheat,467.4,1888.3,4.04,1476.7,23.2,76.8,Laterite,Sprinkler,69204.79,2537.51,Small,No,5,2165.64,15079588.73,4089378.01,-10990210.72,Good,East
1217,Madhya Pradesh,Bhopal,2022,Zaid,Onion,9.02,156.41,17.34,568.3,38.8,42.5,Red,Rain-fed,1222.22,45.19,Medium,No,6,1065.34,335598.91,166629.83,-168969.08,Good,Central
1218,Maharashtra,Nagpur,2018,Kharif,Bajra,181.56,341.33,1.88,1321.9,36.7,46.8,Clay,Tube Well,10167.45,1994.73,Small,No,1,1426.31,2536330.43,486842.39,-2049488.04,Average,West
1219,Uttar Pradesh,Agra,2018,Kharif,Rice,68.14,222.82,3.27,705.9,19.2,57.5,Alluvial,Tube Well,7072.93,485.11,Large,No,19,1855.32,2676171.25,413402.4,-2262768.85,Good,North
1220,Assam,Guwahati,2020,Rabi,Wheat,285.66,768.43,2.69,831.2,18.5,91.7,Sandy,Rain-fed,50816.96,1502.78,Small,No,2,1813.77,6781006.16,1393755.28,-5387250.88,Poor,Northeast
1221,Karnataka,Mysuru,2024,Rabi,Groundnut,73.98,108.75,1.47,1662.3,19.2,91.1,Red,Rain-fed,9896.56,310.06,Small,Yes,2,5112.2,1534673.85,555951.75,-978722.1,Average,South
1222,West Bengal,Siliguri,2018,Kharif,Soybean,295.02,421.88,1.43,704.6,15.0,90.2,Laterite,Drip,41936.69,3147.92,Medium,No,7,3820.27,6039210.32,1611695.51,-4427514.81,Average,East
1223,Madhya Pradesh,Gwalior,2021,Rabi,Onion,45.62,846.71,18.56,1809.1,28.4,67.6,Red,Canal,5356.98,307.09,Medium,No,8,2009.69,2203097.58,1701624.62,-501472.96,Excellent,Central
1224,Tamil Nadu,Coimbatore,2023,Rabi,Potato,33.17,979.51,29.53,2292.4,31.9,24.0,Clay,Drip,1556.06,128.95,Small,No,4,870.82,2093339.89,852976.9,-1240362.99,Excellent,South
1225,Tamil Nadu,Chennai,2019,Kharif,Maize,337.52,739.17,2.19,2573.8,40.3,65.8,Laterite,Sprinkler,49843.1,3481.47,Large,No,17,1344.19,9988878.28,993584.92,-8995293.36,Poor,South
1226,Punjab,Patiala,2021,Rabi,Pulses,5.18,5.59,1.08,688.1,25.7,60.3,Red,Canal,611.64,61.44,Medium,Yes,10,7460.01,83304.34,41701.46,-41602.88,Average,North
1227,Telangana,Hyderabad,2019,Rabi,Groundnut,214.14,259.11,1.21,1536.2,23.9,91.8,Clay,Tube Well,24835.31,2471.2,Small,No,5,5288.95,6418208.37,1370419.83,-5047788.54,Average,South
1228,Haryana,Panipat,2020,Kharif,Bajra,86.78,127.57,1.47,1361.4,28.0,75.3,Black,Tube Well,11966.37,272.65,Medium,Yes,10,2222.93,1030305.36,283579.18,-746726.18,Poor,North
1229,Andhra Pradesh,Kurnool,2018,Kharif,Bajra,290.81,395.5,1.36,1652.8,14.7,47.3,Laterite,Rain-fed,30558.15,1678.61,Large,No,22,1577.83,4504776.67,624031.77,-3880744.9,Good,South
1230,Tamil Nadu,Madurai,2018,Kharif,Soybean,462.21,1109.3,2.4,943.6,37.1,28.7,Laterite,Sprinkler,49733.07,3424.9,Medium,No,6,4090.23,12635465.12,4537292.14,-8098172.98,Excellent,South
1231,Gujarat,Rajkot,2019,Rabi,Jowar,41.06,78.84,1.92,1624.2,11.4,89.8,Alluvial,Canal,1667.48,313.62,Small,No,2,1866.0,594222.67,147115.44,-447107.23,Good,West
1232,Karnataka,Belagavi,2025,Kharif,Rice,321.64,1209.37,3.76,152.3,13.6,90.2,Alluvial,Canal,15738.84,2116.05,Medium,Yes,8,1944.94,8188682.44,2352152.09,-5836530.35,Average,South
1233,Andhra Pradesh,Guntur,2020,Kharif,Maize,114.3,426.34,3.73,2480.4,32.2,21.3,Red,Canal,4790.27,1311.53,Medium,Yes,6,2157.61,3505098.59,919875.45,-2585223.14,Average,South
1234,Gujarat,Surat,2022,Rabi,Potato,182.38,4858.6,26.64,1941.7,44.8,75.8,Alluvial,Rain-fed,29869.86,1567.41,Medium,No,8,1112.82,10924627.51,5406747.25,-5517880.26,Good,West
1235,Assam,Jorhat,2025,Whole Year,Sugarcane,360.46,26378.46,73.18,704.0,32.6,40.3,Alluvial,Drip,27255.83,3233.36,Small,No,5,377.52,31182097.18,9958396.22,-21223700.96,Good,Northeast
1236,Assam,Nagaon,2021,Kharif,Pulses,253.83,304.6,1.2,2582.8,33.1,94.1,Clay,Tube Well,43724.25,2012.82,Large,No,16,6085.44,4040052.28,1853625.02,-2186427.26,Good,Northeast
1237,Rajasthan,Jodhpur,2020,Whole Year,Rice,236.91,480.93,2.03,1572.9,31.3,39.5,Clay,Rain-fed,35063.51,1826.8,Small,No,3,1710.54,10050989.8,822650.0,-9228339.8,Poor,North
1238,Andhra Pradesh,Guntur,2018,Kharif,Soybean,381.82,572.73,1.5,272.8,44.8,22.6,Red,Tube Well,29659.62,2328.45,Medium,Yes,11,4009.26,10620533.59,2296223.48,-8324310.11,Average,South
1239,Madhya Pradesh,Ujjain,2018,Rabi,Potato,223.97,5628.37,25.13,511.4,44.0,45.2,Clay,Sprinkler,29871.69,2612.48,Small,No,1,850.75,9884068.89,4788335.78,-5095733.11,Good,Central
1240,Rajasthan,Jaipur,2023,Kharif,Rice,344.87,986.33,2.86,1096.1,33.0,96.8,Black,Sprinkler,23920.35,1205.92,Small,No,5,1685.38,13338054.77,1662340.86,-11675713.91,Average,North
1241,Madhya Pradesh,Bhopal,2025,Rabi,Barley,94.86,318.73,3.36,391.7,15.0,72.5,Sandy,Canal,7443.47,1001.56,Small,No,4,1908.56,1564229.19,608315.33,-955913.86,Excellent,Central
1242,Telangana,Karimnagar,2020,Zaid,Onion,56.39,815.96,14.47,748.0,16.7,77.2,Alluvial,Sprinkler,4565.21,648.49,Small,No,1,1937.64,3134998.04,1581036.73,-1553961.31,Average,South
1243,Andhra Pradesh,Visakhapatnam,2023,Rabi,Wheat,238.84,857.44,3.59,2503.5,20.9,74.7,Clay,Rain-fed,32911.02,2665.9,Small,No,5,2307.12,6564086.62,1978216.97,-4585869.65,Good,South
1244,Karnataka,Belagavi,2024,Rabi,Wheat,423.08,1958.86,4.63,1186.2,24.8,77.8,Clay,Drip,62001.14,1620.65,Small,No,1,2108.22,12465181.98,4129707.83,-8335474.15,Good,South
1245,Bihar,Muzaffarpur,2024,Kharif,Maize,294.99,1162.26,3.94,778.7,31.1,54.5,Black,Drip,49916.03,2234.5,Large,No,25,1864.61,6593234.56,2167161.62,-4426072.94,Excellent,East
1246,Rajasthan,Bikaner,2020,Rabi,Mustard,457.28,690.49,1.51,759.9,38.1,95.8,Red,Sprinkler,68331.46,4621.1,Small,No,1,4370.29,7975677.94,3017641.54,-4958036.4,Average,North
1247,Telangana,Nizamabad,2020,Kharif,Rice,185.28,609.57,3.29,1162.2,40.1,31.6,Red,Drip,10188.43,705.71,Small,No,4,1765.02,5316814.74,1075903.24,-4240911.5,Good,South
1248,Haryana,Rohtak,2022,Rabi,Barley,374.49,891.29,2.38,346.7,39.8,36.2,Alluvial,Drip,37832.11,2908.07,Small,No,1,1842.84,8822062.14,1642504.86,-7179557.28,Average,North
1249,Andhra Pradesh,Nellore,2025,Rabi,Wheat,161.03,637.68,3.96,432.6,33.6,57.4,Red,Rain-fed,26804.25,1861.41,Medium,No,7,2314.34,4696634.05,1475808.33,-3220825.72,Average,South
1250,Uttar Pradesh,Varanasi,2019,Rabi,Potato,365.85,9954.78,27.21,551.3,13.4,64.0,Laterite,Tube Well,60725.6,3532.39,Small,No,4,1422.41,15884201.08,14159778.62,-1724422.46,Excellent,North
1251,Uttar Pradesh,Varanasi,2025,Kharif,Bajra,221.59,471.99,2.13,2247.4,39.4,26.5,Red,Canal,16752.51,996.21,Small,No,1,1478.56,3647818.9,697865.53,-2949953.37,Good,North
1252,Tamil Nadu,Coimbatore,2025,Kharif,Jowar,443.64,585.6,1.32,1104.0,11.9,67.6,Sandy,Rain-fed,45855.73,2379.07,Small,No,3,1505.96,7900656.64,881890.18,-7018766.46,Poor,South
1253,Maharashtra,Aurangabad,2025,Kharif,Pulses,149.5,161.46,1.08,524.0,37.6,63.3,Black,Canal,7560.57,550.08,Small,Yes,2,6340.71,2262790.25,1023771.04,-1239019.21,Good,West
1254,Maharashtra,Aurangabad,2018,Rabi,Wheat,80.68,208.96,2.59,2006.8,15.9,83.7,Red,Canal,11935.21,737.62,Medium,Yes,10,2525.4,2538930.88,527707.58,-2011223.3,Good,West
1255,Odisha,Bhubaneswar,2021,Kharif,Jowar,324.61,753.1,2.32,2241.0,31.0,57.3,Sandy,Tube Well,45088.43,2638.49,Small,No,1,1516.19,3666150.37,1141842.69,-2524307.68,Excellent,East
1256,West Bengal,Kolkata,2018,Kharif,Bajra,228.92,315.91,1.38,1159.0,37.8,83.6,Clay,Tube Well,36012.09,1036.33,Small,No,5,1622.79,4039860.7,512655.59,-3527205.11,Poor,East
1257,Andhra Pradesh,Vijayawada,2022,Zaid,Onion,181.54,3583.6,19.74,1470.6,31.6,47.5,Laterite,Canal,22511.97,1087.19,Small,No,4,1854.67,10034083.88,6646395.41,-3387688.47,Average,South
1258,Telangana,Khammam,2024,Rabi,Onion,423.38,6481.95,15.31,409.0,36.0,81.2,Laterite,Rain-fed,49174.06,4800.92,Small,No,4,1027.98,20581249.14,6663314.96,-13917934.18,Poor,South
1259,Karnataka,Belagavi,2018,Kharif,Maize,109.49,516.79,4.72,2870.6,33.4,96.9,Alluvial,Sprinkler,16450.24,1176.27,Small,No,2,1300.51,3429226.04,672090.56,-2757135.48,Excellent,South
1260,Bihar,Muzaffarpur,2024,Rabi,Onion,342.41,6403.07,18.7,1186.3,20.3,38.1,Sandy,Rain-fed,61171.2,3118.79,Small,No,3,1522.96,19189674.33,9751619.49,-9438054.84,Good,East
1261,Gujarat,Bhavnagar,2024,Rabi,Barley,463.56,1200.62,2.59,2360.3,18.1,22.3,Sandy,Drip,50110.37,3540.15,Medium,No,7,1845.05,7318490.27,2215203.93,-5103286.34,Average,West
1262,Uttar Pradesh,Kanpur,2019,Rabi,Pulses,241.79,188.6,0.78,746.9,12.3,92.6,Black,Rain-fed,34816.73,2065.25,Medium,Yes,11,6254.45,3580343.66,1179589.27,-2400754.39,Good,North
1263,Madhya Pradesh,Indore,2019,Kharif,Jowar,223.73,501.16,2.24,1261.4,11.9,86.2,Alluvial,Rain-fed,25419.05,2018.06,Medium,No,8,2082.84,3304635.98,1043836.09,-2260799.89,Excellent,Central
1264,Andhra Pradesh,Nellore,2018,Kharif,Soybean,465.0,655.65,1.41,420.1,29.1,52.7,Alluvial,Rain-fed,41772.09,4238.69,Medium,No,5,4494.9,12363427.44,2947081.18,-9416346.26,Excellent,South
1265,Haryana,Panipat,2021,Kharif,Pulses,203.78,281.22,1.38,680.3,13.3,67.7,Alluvial,Sprinkler,20950.29,602.8,Large,No,23,6491.71,3685977.58,1825598.69,-1860378.89,Excellent,North
1266,Assam,Nagaon,2019,Rabi,Wheat,263.25,1074.06,4.08,1784.2,30.5,51.4,Red,Canal,14725.15,863.2,Medium,No,10,2394.66,6914277.64,2572008.52,-4342269.12,Average,Northeast
1267,West Bengal,Howrah,2019,Kharif,Groundnut,401.44,694.49,1.73,449.5,39.3,26.2,Sandy,Tube Well,34571.7,2955.54,Medium,Yes,4,5761.47,11650049.31,4001283.3,-7648766.01,Average,East
1268,Rajasthan,Bikaner,2023,Kharif,Jowar,171.53,360.21,2.1,2616.0,33.8,93.4,Sandy,Canal,10538.94,1776.49,Large,No,30,1607.89,3277554.16,579178.06,-2698376.1,Good,North
1269,Assam,Dibrugarh,2019,Kharif,Bajra,35.8,77.69,2.17,1035.7,40.8,25.3,Clay,Sprinkler,5602.34,377.48,Large,No,13,1891.34,712941.86,146938.2,-566003.66,Good,Northeast
1270,Gujarat,Ahmedabad,2019,Rabi,Potato,117.4,2461.88,20.97,383.2,17.3,81.8,Alluvial,Sprinkler,8537.98,522.84,Small,Yes,2,971.85,6352373.22,2392578.08,-3959795.14,Average,West
1271,Telangana,Nizamabad,2018,Kharif,Pulses,348.19,456.13,1.31,1780.0,26.3,70.4,Clay,Canal,41342.85,3217.92,Medium,No,5,6152.26,6392946.54,2806230.35,-3586716.19,Average,South
1272,Rajasthan,Jaipur,2024,Kharif,Groundnut,34.2,76.27,2.23,1464.4,42.7,56.2,Laterite,Drip,1947.46,281.31,Medium,No,6,4958.44,1017684.05,378180.22,-639503.83,Good,North
1273,West Bengal,Durgapur,2019,Rabi,Potato,405.57,8841.43,21.8,812.3,35.7,54.7,Alluvial,Canal,21568.31,2833.74,Medium,No,8,934.56,25479277.08,8262846.82,-17216430.26,Good,East
1274,Odisha,Rourkela,2020,Rabi,Pulses,79.51,98.59,1.24,2286.4,10.3,68.1,Laterite,Rain-fed,7087.94,861.8,Small,No,5,6064.49,1005901.4,597898.07,-408003.33,Good,East
1275,Maharashtra,Pune,2022,Rabi,Wheat,248.0,840.72,3.39,2149.4,41.4,57.4,Alluvial,Sprinkler,38766.0,614.19,Medium,No,4,2105.14,8641245.91,1769833.3,-6871412.61,Average,West
1276,Haryana,Karnal,2018,Rabi,Pulses,159.83,126.27,0.79,2273.1,30.8,34.0,Clay,Drip,11805.15,831.84,Small,No,4,6499.87,3157230.24,820738.58,-2336491.66,Average,North
1277,Madhya Pradesh,Bhopal,2024,Rabi,Wheat,47.34,180.84,3.82,2369.1,16.7,74.1,Sandy,Drip,7085.94,206.45,Small,No,2,1976.43,1269367.22,357417.6,-911949.62,Average,Central
1278,Tamil Nadu,Coimbatore,2022,Kharif,Groundnut,101.58,169.64,1.67,1853.1,43.3,40.6,Laterite,Sprinkler,5521.27,1170.99,Small,No,5,4881.6,2088407.33,828114.62,-1260292.71,Average,South
1279,Bihar,Bhagalpur,2022,Rabi,Maize,125.3,427.27,3.41,1898.6,14.7,46.4,Black,Rain-fed,9730.6,593.96,Medium,No,9,1397.85,3587045.29,597259.37,-2989785.92,Average,East
1280,Assam,Nagaon,2023,Rabi,Barley,439.69,1618.06,3.68,2610.3,18.7,54.2,Sandy,Rain-fed,35031.46,1453.1,Medium,No,11,1702.43,6792338.03,2754633.89,-4037704.14,Excellent,Northeast
1281,Bihar,Darbhanga,2021,Kharif,Rice,381.25,1185.69,3.11,495.5,27.8,56.4,Alluvial,Sprinkler,54724.65,2941.62,Small,No,4,1800.79,14022701.76,2135178.7,-11887523.06,Average,East
1282,Maharashtra,Aurangabad,2018,Kharif,Groundnut,229.33,497.65,2.17,2629.3,40.3,54.7,Black,Canal,36344.01,1796.45,Large,Yes,16,6279.6,7859360.88,3125042.94,-4734317.94,Good,West
1283,Karnataka,Bengaluru,2023,Rabi,Groundnut,414.81,846.21,2.04,100.1,21.9,63.4,Sandy,Rain-fed,71395.27,3545.99,Small,No,3,5344.46,12796086.92,4522535.5,-8273551.42,Good,South
1284,Maharashtra,Nagpur,2023,Rabi,Barley,288.17,907.74,3.15,2977.4,19.7,80.8,Black,Sprinkler,43057.09,1583.15,Medium,No,7,1742.24,5218374.48,1581500.94,-3636873.54,Excellent,West
1285,West Bengal,Durgapur,2020,Zaid,Onion,36.98,771.77,20.87,586.7,21.6,55.7,Alluvial,Canal,5851.26,171.4,Large,No,17,1600.59,2099810.65,1235287.34,-864523.31,Poor,East
1286,Gujarat,Surat,2024,Kharif,Tomato,257.57,8033.61,31.19,2305.7,18.7,71.7,Sandy,Drip,37662.85,1411.29,Medium,Yes,10,1100.13,13580562.36,8838015.37,-4742546.99,Good,West
1287,Haryana,Karnal,2019,Zaid,Tomato,220.2,6359.38,28.88,343.8,38.2,71.9,Black,Sprinkler,28621.17,1440.3,Small,No,4,1297.57,13948861.9,8251740.71,-5697121.19,Average,North
1288,Punjab,Amritsar,2024,Kharif,Soybean,74.19,159.51,2.15,725.3,20.6,42.5,Clay,Tube Well,5649.06,489.31,Medium,No,7,3732.63,1630979.64,595391.81,-1035587.83,Good,North
1289,Uttar Pradesh,Kanpur,2021,Kharif,Soybean,340.13,554.41,1.63,2254.1,11.7,90.6,Black,Rain-fed,27959.86,3581.66,Small,No,2,4175.2,9038103.9,2314772.63,-6723331.27,Good,North
1290,Gujarat,Vadodara,2023,Rabi,Potato,255.21,6666.09,26.12,2670.8,27.1,59.7,Laterite,Sprinkler,32120.37,2175.8,Medium,No,12,1370.29,11267552.07,9134476.47,-2133075.6,Good,West
1291,Madhya Pradesh,Gwalior,2025,Zaid,Onion,439.21,11955.3,27.22,2373.6,26.7,57.3,Sandy,Rain-fed,34871.06,1720.18,Small,No,4,1447.63,19266951.16,17306850.94,-1960100.22,Excellent,Central
1292,Karnataka,Belagavi,2021,Whole Year,Sugarcane,38.94,3429.45,88.07,1990.0,17.3,69.8,Black,Canal,5064.89,58.86,Large,No,23,317.26,2892569.65,1088027.31,-1804542.34,Good,South
1293,Madhya Pradesh,Jabalpur,2022,Kharif,Soybean,263.14,418.39,1.59,2006.0,22.8,47.4,Red,Drip,42388.88,639.82,Small,No,1,4361.7,4073051.73,1824891.66,-2248160.07,Good,Central
1294,Odisha,Puri,2019,Rabi,Wheat,368.07,1549.57,4.21,2285.0,22.7,53.7,Black,Tube Well,50249.24,2788.64,Medium,No,9,2396.17,7936231.67,3713033.15,-4223198.52,Excellent,East
1295,Assam,Dibrugarh,2021,Rabi,Potato,393.99,7864.04,19.96,1004.7,20.7,55.9,Black,Tube Well,51217.55,3201.96,Small,No,3,1376.44,24424357.98,10824379.22,-13599978.76,Average,Northeast
1296,Telangana,Karimnagar,2020,Rabi,Potato,370.45,8090.63,21.84,1095.0,31.0,50.0,Sandy,Tube Well,18334.28,3297.61,Medium,No,4,1384.0,21199944.55,11197431.92,-10002512.63,Good,South
1297,Gujarat,Rajkot,2018,Kharif,Soybean,419.25,771.42,1.84,1324.8,42.0,25.4,Black,Sprinkler,20716.22,4457.62,Small,No,3,3984.55,8747179.17,3073761.56,-5673417.61,Good,West
1298,Tamil Nadu,Tiruchirappalli,2019,Whole Year,Sugarcane,366.88,22331.99,60.87,1420.1,40.3,86.2,Black,Drip,31487.11,1426.07,Small,No,2,371.63,25328370.18,8299237.44,-17029132.74,Average,South
1299,Telangana,Warangal,2023,Rabi,Wheat,207.4,1049.44,5.06,1489.3,13.3,27.2,Red,Sprinkler,10513.04,1745.78,Small,No,3,1917.36,7510500.68,2012154.28,-5498346.4,Average,South
1300,Bihar,Bhagalpur,2019,Kharif,Soybean,475.48,1036.55,2.18,1157.6,15.9,29.5,Sandy,Tube Well,40844.48,5061.52,Medium,Yes,12,4667.91,12037960.57,4838522.11,-7199438.46,Excellent,East
1301,Uttar Pradesh,Varanasi,2024,Kharif,Soybean,404.02,965.61,2.39,420.7,26.1,80.6,Red,Drip,46593.68,4592.54,Small,No,5,4262.2,9064275.89,4115622.94,-4948652.95,Good,North
1302,West Bengal,Kolkata,2018,Kharif,Cotton,409.74,180.29,0.44,468.7,31.2,85.3,Alluvial,Drip,22286.37,3151.28,Small,No,2,6956.15,20968359.21,1254124.28,-19714234.93,Poor,East
1303,West Bengal,Kolkata,2020,Rabi,Wheat,78.21,278.43,3.56,2971.4,20.4,52.1,Red,Drip,4046.48,837.57,Small,No,1,2371.36,2015714.15,660257.76,-1355456.39,Excellent,East
1304,Punjab,Patiala,2022,Whole Year,Rice,221.03,731.61,3.31,2691.7,31.6,91.0,Laterite,Sprinkler,27838.2,957.92,Medium,No,10,2019.0,8655183.01,1477120.59,-7178062.42,Good,North
1305,Bihar,Bhagalpur,2023,Rabi,Mustard,60.72,122.05,2.01,1833.1,13.4,52.5,Sandy,Tube Well,4697.67,162.71,Small,No,5,5100.83,1338081.43,622556.3,-715525.13,Excellent,East
1306,Haryana,Panipat,2024,Rabi,Potato,9.62,304.76,31.68,2564.5,35.4,70.9,Red,Sprinkler,565.27,87.93,Small,Yes,5,1663.84,408961.21,507071.88,98110.67,Good,North
1307,Rajasthan,Udaipur,2020,Kharif,Pulses,417.99,401.27,0.96,523.4,28.5,70.5,Laterite,Tube Well,63512.88,3675.21,Medium,Yes,7,6470.56,7663229.72,2596441.61,-5066788.11,Poor,North
1308,Telangana,Nizamabad,2025,Kharif,Maize,276.08,1214.75,4.4,557.9,11.1,96.8,Clay,Rain-fed,46326.68,1087.93,Small,No,2,1452.45,5709125.78,1764363.64,-3944762.14,Good,South
1309,Haryana,Hisar,2023,Rabi,Wheat,168.0,821.52,4.89,1060.4,44.9,90.8,Clay,Canal,23336.81,440.43,Medium,No,4,2283.61,3492807.49,1876031.29,-1616776.2,Good,North
1310,Uttar Pradesh,Kanpur,2022,Whole Year,Rice,391.8,1825.79,4.66,864.1,43.4,51.9,Sandy,Sprinkler,17957.03,2889.64,Small,Yes,5,2544.32,12384657.08,4645394.01,-7739263.07,Excellent,North
1311,West Bengal,Durgapur,2021,Kharif,Rice,450.39,1752.02,3.89,1351.1,14.7,61.2,Laterite,Tube Well,50088.9,2979.31,Medium,No,10,1988.08,19468761.72,3483155.92,-15985605.8,Good,East
1312,Odisha,Cuttack,2019,Kharif,Cotton,329.84,178.11,0.54,2666.6,14.8,67.3,Black,Canal,50106.33,3479.65,Medium,Yes,8,6964.89,15382163.82,1240516.56,-14141647.26,Good,East
1313,Assam,Guwahati,2018,Kharif,Cotton,104.45,61.63,0.59,843.4,44.8,66.9,Alluvial,Drip,12368.63,1196.8,Medium,No,5,5519.23,5245685.5,340150.14,-4905535.36,Average,Northeast
1314,Rajasthan,Jodhpur,2022,Kharif,Bajra,280.84,671.21,2.39,2876.2,24.3,37.2,Black,Tube Well,24262.71,963.76,Medium,No,4,1884.7,3526922.13,1265029.49,-2261892.64,Good,North
1315,Tamil Nadu,Salem,2024,Kharif,Tomato,190.62,5611.85,29.44,583.7,37.1,95.1,Sandy,Drip,30912.71,523.7,Large,No,10,1688.18,9317011.34,9473812.93,156801.59,Good,South
1316,Madhya Pradesh,Jabalpur,2021,Whole Year,Rice,449.24,1383.66,3.08,2209.7,33.9,86.5,Laterite,Rain-fed,58167.33,2931.83,Medium,No,9,2061.2,13196972.01,2851999.99,-10344972.02,Poor,Central
1317,West Bengal,Durgapur,2023,Kharif,Tomato,168.03,3535.35,21.04,681.9,42.8,45.8,Alluvial,Sprinkler,20828.67,461.25,Small,No,3,1398.68,10251071.75,4944823.34,-5306248.41,Average,East
1318,Telangana,Hyderabad,2022,Rabi,Jowar,342.27,400.46,1.17,1386.9,36.6,87.1,Clay,Canal,51541.5,2672.1,Small,No,3,1929.19,4639787.17,772563.43,-3867223.74,Average,South
1319,Bihar,Bhagalpur,2024,Whole Year,Sugarcane,306.08,22836.63,74.61,789.0,35.3,93.1,Black,Tube Well,53183.81,1487.73,Small,No,1,319.6,20711469.55,7298586.95,-13412882.6,Excellent,East
1320,Bihar,Bhagalpur,2025,Rabi,Pulses,87.1,58.36,0.67,914.2,29.0,79.6,Alluvial,Tube Well,5525.19,452.68,Medium,No,12,6915.73,1424863.61,403602.0,-1021261.61,Average,East
1321,Haryana,Sirsa,2018,Whole Year,Sugarcane,397.02,23638.57,59.54,114.5,39.3,46.7,Red,Rain-fed,57442.9,2033.54,Large,No,25,290.43,29314695.19,6865349.89,-22449345.3,Average,North
1322,Gujarat,Ahmedabad,2023,Kharif,Cotton,446.36,285.67,0.64,1505.2,19.4,79.8,Laterite,Drip,48835.43,682.42,Small,No,3,6248.1,14093443.3,1784894.73,-12308548.57,Good,West
1323,Uttar Pradesh,Varanasi,2023,Rabi,Groundnut,369.7,513.88,1.39,1553.8,35.8,33.7,Black,Sprinkler,64985.5,3308.52,Medium,No,7,5335.62,12168095.25,2741868.41,-9426226.84,Average,North
1324,Karnataka,Belagavi,2023,Kharif,Jowar,45.58,43.3,0.95,853.5,43.0,49.7,Laterite,Tube Well,3526.95,420.81,Small,No,1,2081.83,834175.99,90143.24,-744032.75,Good,South
1325,Bihar,Darbhanga,2019,Rabi,Barley,228.59,461.75,2.02,1760.5,34.1,43.9,Alluvial,Tube Well,34129.71,1081.14,Medium,No,8,1809.96,3835381.35,835749.03,-2999632.32,Poor,East
1326,Bihar,Gaya,2023,Kharif,Pulses,136.78,123.1,0.9,2362.4,30.4,22.9,Black,Sprinkler,11716.59,1228.03,Small,No,2,6596.62,2059794.1,812043.92,-1247750.18,Poor,East
1327,Gujarat,Bhavnagar,2025,Kharif,Pulses,51.82,75.66,1.46,606.7,14.9,20.2,Sandy,Sprinkler,7642.18,541.24,Small,No,2,5746.15,680165.12,434753.71,-245411.41,Excellent,West
1328,Andhra Pradesh,Nellore,2025,Rabi,Wheat,332.33,1375.85,4.14,1966.0,26.2,88.7,Alluvial,Tube Well,58002.15,1211.11,Small,No,3,2216.54,9540402.97,3049626.56,-6490776.41,Good,South
1329,Rajasthan,Udaipur,2023,Rabi,Groundnut,52.83,99.32,1.88,2220.6,27.1,27.6,Sandy,Sprinkler,8588.84,270.23,Small,No,2,4856.68,1171162.39,482365.46,-688796.93,Good,North
1330,Rajasthan,Kota,2018,Kharif,Tomato,243.51,8060.18,33.1,1150.2,27.6,72.3,Laterite,Canal,15037.66,2648.7,Small,No,1,1709.7,14456960.22,13780489.75,-676470.47,Excellent,North
1331,West Bengal,Durgapur,2025,Whole Year,Rice,10.1,26.66,2.64,1819.4,44.2,70.7,Black,Sprinkler,1435.56,64.84,Medium,No,7,2181.94,277646.08,58170.52,-219475.56,Average,East
1332,Rajasthan,Bikaner,2023,Kharif,Rice,250.16,885.57,3.54,1267.0,14.3,22.0,Sandy,Rain-fed,13535.71,464.34,Small,No,1,2030.58,8447049.86,1798220.73,-6648829.13,Excellent,North
1333,Gujarat,Vadodara,2022,Rabi,Barley,244.95,695.66,2.84,2838.1,20.9,74.4,Laterite,Drip,13564.81,2395.46,Medium,No,12,1885.33,5935987.36,1311548.67,-4624438.69,Good,West
1334,Gujarat,Surat,2023,Kharif,Cotton,243.92,165.87,0.68,2407.2,34.6,67.5,Black,Rain-fed,11730.36,587.59,Small,No,1,6934.08,8723091.02,1150155.85,-7572935.17,Excellent,West
1335,Haryana,Hisar,2018,Rabi,Wheat,95.59,453.1,4.74,998.7,27.2,44.8,Sandy,Drip,9607.74,990.48,Large,No,28,2048.43,3234312.44,928143.63,-2306168.81,Average,North
1336,West Bengal,Durgapur,2018,Kharif,Cotton,332.43,239.35,0.72,762.1,22.7,70.3,Alluvial,Tube Well,51169.71,1757.94,Small,No,3,5362.95,18214359.99,1283622.08,-16930737.91,Excellent,East
1337,Assam,Jorhat,2022,Rabi,Potato,71.6,1898.12,26.51,1232.0,42.9,28.3,Red,Drip,12456.11,699.13,Small,No,2,1057.82,3205675.27,2007869.3,-1197805.97,Excellent,Northeast
1338,Assam,Guwahati,2025,Rabi,Onion,421.61,10713.11,25.41,1243.5,36.5,45.5,Alluvial,Sprinkler,39148.99,2148.24,Small,No,3,1264.21,24501172.96,13543620.79,-10957552.17,Excellent,Northeast
1339,Haryana,Sirsa,2023,Rabi,Wheat,191.64,693.74,3.62,153.0,21.8,24.6,Sandy,Tube Well,10355.73,1441.94,Small,No,4,2107.79,6524539.69,1462258.23,-5062281.46,Good,North
1340,Assam,Dibrugarh,2025,Rabi,Wheat,191.62,436.89,2.28,316.1,33.2,39.5,Red,Sprinkler,14826.56,317.38,Small,No,2,2125.02,6976027.46,928399.99,-6047627.47,Excellent,Northeast
1341,Punjab,Bathinda,2025,Rabi,Mustard,460.15,676.42,1.47,2223.7,10.4,53.7,Clay,Rain-fed,46460.74,5376.65,Small,No,2,4888.56,8159271.84,3306719.76,-4852552.08,Good,North
1342,Telangana,Karimnagar,2019,Kharif,Pulses,93.59,59.9,0.64,917.6,28.3,61.3,Sandy,Canal,12349.0,199.6,Small,No,1,5565.47,1897172.41,333371.65,-1563800.76,Good,South
1343,Odisha,Rourkela,2023,Zaid,Onion,129.09,2006.06,15.54,1807.6,12.9,23.0,Clay,Drip,16173.9,158.1,Medium,No,4,2154.83,6839569.45,4322718.27,-2516851.18,Poor,East
1344,Telangana,Hyderabad,2021,Whole Year,Sugarcane,168.81,10445.96,61.88,2887.9,25.8,24.2,Sandy,Canal,24179.5,862.86,Medium,No,12,294.22,12770542.98,3073410.35,-9697132.63,Poor,South
1345,Karnataka,Belagavi,2020,Rabi,Wheat,461.21,1231.43,2.67,2713.9,35.5,82.5,Alluvial,Drip,44374.89,478.7,Small,No,1,2130.24,13458473.61,2623241.44,-10835232.17,Average,South
1346,Maharashtra,Kolhapur,2018,Kharif,Maize,100.29,450.3,4.49,2292.4,39.0,35.4,Sandy,Canal,4071.44,499.74,Small,No,1,1588.01,2279893.28,715080.9,-1564812.38,Good,West
1347,Andhra Pradesh,Visakhapatnam,2023,Rabi,Wheat,438.16,1498.51,3.42,2731.3,36.8,32.0,Sandy,Drip,29144.55,3191.96,Small,No,5,2223.92,13229235.48,3332566.36,-9896669.12,Excellent,South
1348,Madhya Pradesh,Jabalpur,2025,Rabi,Wheat,464.54,1467.95,3.16,177.8,11.1,52.9,Laterite,Canal,76674.76,2015.23,Small,No,4,1802.89,10070301.86,2646552.38,-7423749.48,Average,Central
1349,Tamil Nadu,Coimbatore,2023,Kharif,Cotton,224.66,80.88,0.36,1716.3,36.7,52.3,Laterite,Rain-fed,35963.4,247.86,Small,No,5,6598.08,9295568.76,533652.71,-8761916.05,Average,South
1350,Odisha,Cuttack,2019,Kharif,Pulses,380.39,262.47,0.69,866.2,37.7,79.9,Clay,Rain-fed,32967.01,3539.24,Small,No,3,5290.78,4565905.97,1388671.03,-3177234.94,Average,East
1351,Assam,Nagaon,2018,Rabi,Barley,350.75,1241.65,3.54,729.9,14.1,27.4,Alluvial,Rain-fed,14989.2,1666.05,Small,No,4,1797.18,8238100.39,2231468.55,-6006631.84,Average,Northeast
1352,Rajasthan,Bikaner,2022,Zaid,Onion,207.36,2459.29,11.86,1503.9,44.8,57.8,Alluvial,Rain-fed,18805.07,1743.84,Small,No,2,1565.26,11354250.09,3849428.27,-7504821.82,Good,North
1353,Gujarat,Bhavnagar,2021,Whole Year,Sugarcane,134.91,8642.33,64.06,689.3,10.4,60.6,Clay,Rain-fed,15376.97,652.64,Small,No,4,352.36,12028110.85,3045211.4,-8982899.45,Good,West
1354,Odisha,Sambalpur,2019,Kharif,Cotton,465.81,270.17,0.58,1911.9,40.2,90.7,Laterite,Rain-fed,57508.94,2865.78,Medium,No,10,5288.63,16569107.65,1428829.17,-15140278.48,Good,East
1355,Uttar Pradesh,Agra,2019,Rabi,Pulses,28.53,22.82,0.8,1137.0,14.6,67.8,Red,Drip,3780.12,38.72,Small,No,2,5718.55,389138.77,130497.31,-258641.46,Good,North
1356,Bihar,Gaya,2018,Rabi,Onion,108.62,1671.66,15.39,911.8,10.8,52.1,Clay,Canal,17035.16,1246.01,Small,No,3,1820.03,5648378.34,3042471.35,-2605906.99,Excellent,East
1357,Andhra Pradesh,Guntur,2020,Kharif,Cotton,219.39,111.89,0.51,507.7,20.7,30.9,Alluvial,Drip,23592.14,2233.63,Small,No,3,5507.62,11439988.71,616247.6,-10823741.11,Average,South
1358,Maharashtra,Kolhapur,2025,Zaid,Onion,123.46,2133.39,17.28,2285.0,38.0,82.7,Alluvial,Drip,11197.25,1431.39,Large,No,10,1321.18,7328667.5,2818592.2,-4510075.3,Average,West
1359,Maharashtra,Nagpur,2023,Kharif,Soybean,240.36,569.65,2.37,1696.9,32.3,55.7,Laterite,Canal,32454.12,351.52,Medium,No,6,3622.34,6379221.48,2063465.98,-4315755.5,Average,West
1360,Punjab,Ludhiana,2023,Rabi,Jowar,482.26,1157.42,2.4,2349.5,33.2,63.2,Laterite,Tube Well,54701.64,3050.0,Large,No,16,2078.46,8196818.03,2405651.17,-5791166.86,Excellent,North
1361,Uttar Pradesh,Meerut,2023,Zaid,Onion,87.67,1743.76,19.89,2032.9,23.7,44.0,Laterite,Canal,6384.45,820.82,Small,No,4,905.84,3778974.57,1579567.56,-2199407.01,Average,North
1362,Uttar Pradesh,Varanasi,2025,Whole Year,Sugarcane,342.7,17097.3,49.89,2075.2,35.6,72.5,Black,Canal,48403.7,2186.45,Small,No,1,319.83,27824872.53,5468229.46,-22356643.07,Average,North
1363,Telangana,Hyderabad,2018,Kharif,Tomato,203.49,4692.48,23.06,1985.7,10.6,27.8,Red,Rain-fed,27538.8,1481.95,Small,No,1,998.76,14294332.21,4686661.32,-9607670.89,Good,South
1364,Tamil Nadu,Madurai,2022,Rabi,Potato,101.63,2138.3,21.04,2861.8,15.0,39.0,Sandy,Drip,9726.55,892.25,Small,Yes,1,1666.22,7046485.3,3562878.23,-3483607.07,Good,South
1365,Uttar Pradesh,Agra,2025,Rabi,Wheat,371.02,1365.35,3.68,389.2,32.2,20.6,Alluvial,Canal,52362.56,2678.93,Small,No,4,2201.59,7605449.26,3005940.91,-4599508.35,Excellent,North
1366,Haryana,Sirsa,2020,Kharif,Rice,424.34,1447.0,3.41,1123.2,18.3,76.4,Sandy,Rain-fed,66981.56,4304.82,Medium,No,11,1909.84,14898754.49,2763538.48,-12135216.01,Good,North
1367,Haryana,Rohtak,2023,Rabi,Mustard,405.47,652.81,1.61,2426.0,32.6,26.7,Sandy,Drip,71485.73,4437.63,Small,No,4,4363.24,9160424.44,2848366.7,-6312057.74,Poor,North
1368,Maharashtra,Nagpur,2022,Rabi,Jowar,413.54,434.22,1.05,477.8,31.0,61.4,Sandy,Drip,56669.08,1222.42,Medium,No,11,2009.33,5109842.65,872491.27,-4237351.38,Poor,West
1369,Gujarat,Vadodara,2025,Rabi,Maize,149.24,417.87,2.8,2661.7,40.1,69.8,Laterite,Tube Well,16320.44,1140.14,Large,No,13,1502.54,3534810.36,627866.39,-2906943.97,Poor,West
1370,Maharashtra,Nagpur,2018,Zaid,Tomato,307.08,9712.94,31.63,756.5,42.5,71.8,Clay,Sprinkler,17672.62,1897.72,Large,No,30,739.74,14354262.83,7185050.24,-7169212.59,Excellent,West
1371,Andhra Pradesh,Vijayawada,2024,Rabi,Potato,241.98,4065.26,16.8,2649.0,24.2,75.6,Clay,Drip,13944.03,938.57,Small,Yes,4,1562.62,14001684.66,6352456.58,-7649228.08,Good,South
1372,Maharashtra,Pune,2019,Kharif,Pulses,75.01,100.51,1.34,429.6,26.1,85.6,Laterite,Sprinkler,12571.82,288.4,Large,No,28,7424.15,909682.46,746201.32,-163481.14,Excellent,West
1373,Haryana,Sirsa,2022,Kharif,Maize,109.5,399.68,3.65,2237.2,25.7,44.5,Red,Tube Well,12638.33,401.42,Medium,No,9,1669.87,3020172.77,667413.64,-2352759.13,Average,North
1374,Karnataka,Hubballi,2019,Kharif,Soybean,431.66,444.61,1.03,1350.7,41.9,79.3,Laterite,Drip,41601.56,481.98,Medium,Yes,4,4851.42,10044734.44,2156989.85,-7887744.59,Average,South
1375,Odisha,Sambalpur,2024,Rabi,Wheat,151.25,539.96,3.57,2541.9,34.7,45.4,Clay,Canal,21177.39,623.99,Medium,Yes,11,2579.88,5066670.88,1393032.0,-3673638.88,Average,East
1376,Karnataka,Belagavi,2022,Rabi,Barley,311.36,688.11,2.21,1766.2,30.6,42.2,Red,Tube Well,50165.61,3021.14,Medium,No,11,1778.97,5362964.55,1224127.05,-4138837.5,Average,South
1377,Madhya Pradesh,Ujjain,2019,Rabi,Mustard,123.89,172.21,1.39,1087.1,32.0,87.1,Red,Canal,8091.3,437.34,Small,No,2,4351.74,2323746.64,749413.15,-1574333.49,Average,Central
1378,Telangana,Khammam,2023,Kharif,Cotton,79.48,34.97,0.44,1040.2,12.5,23.9,Red,Drip,6813.94,795.39,Small,Yes,3,6901.6,2491974.17,241348.95,-2250625.22,Average,South
1379,Maharashtra,Pune,2022,Kharif,Maize,447.79,2140.44,4.78,2844.3,23.8,25.7,Sandy,Tube Well,27708.22,4452.44,Large,Yes,17,1947.84,13961789.6,4169234.65,-9792554.95,Good,West
1380,Haryana,Sirsa,2019,Zaid,Tomato,411.33,14548.74,35.37,2719.9,22.2,79.4,Clay,Sprinkler,51652.21,1560.26,Medium,Yes,11,1001.94,30866718.51,14576964.56,-16289753.95,Excellent,North
1381,Karnataka,Bengaluru,2024,Kharif,Groundnut,87.67,173.59,1.98,2943.9,24.3,21.4,Laterite,Canal,12650.54,217.02,Large,No,27,5485.7,2926131.75,952262.66,-1973869.09,Average,South
1382,Madhya Pradesh,Jabalpur,2020,Kharif,Rice,229.64,723.37,3.15,938.6,11.9,68.6,Clay,Rain-fed,25291.74,1135.22,Medium,No,11,2114.09,7146727.2,1529269.28,-5617457.92,Average,Central
1383,West Bengal,Siliguri,2018,Rabi,Mustard,372.84,425.04,1.14,328.1,20.0,80.3,Clay,Canal,59259.59,3377.73,Medium,No,12,4629.33,7297478.49,1967650.42,-5329828.07,Average,East
1384,Madhya Pradesh,Indore,2022,Zaid,Onion,328.57,4810.26,14.64,1616.7,24.3,60.7,Clay,Tube Well,46900.17,648.78,Medium,No,10,2110.25,11875718.52,10150851.17,-1724867.35,Average,Central
1385,Punjab,Bathinda,2024,Kharif,Soybean,379.61,459.33,1.21,1488.0,28.3,21.0,Red,Rain-fed,23506.6,387.03,Medium,No,8,3947.43,8814376.07,1813173.02,-7001203.05,Average,North
1386,Rajasthan,Udaipur,2022,Whole Year,Rice,258.37,1043.81,4.04,183.5,28.7,24.0,Laterite,Tube Well,26374.99,2771.64,Medium,No,9,1572.27,7778503.98,1641151.15,-6137352.83,Average,North
1387,Andhra Pradesh,Kurnool,2021,Rabi,Groundnut,445.96,713.54,1.6,1736.5,43.0,50.3,Sandy,Rain-fed,45898.94,781.39,Medium,No,5,4626.0,10954931.38,3300836.04,-7654095.34,Average,South
1388,Rajasthan,Bikaner,2023,Kharif,Tomato,104.41,3316.06,31.76,359.3,11.7,70.1,Laterite,Drip,12779.78,272.72,Medium,Yes,12,1998.21,5909050.27,6626184.25,717133.98,Good,North
1389,Madhya Pradesh,Gwalior,2025,Kharif,Bajra,10.2,14.59,1.43,2093.8,26.8,67.4,Red,Rain-fed,561.84,41.97,Small,No,1,1486.15,169808.21,21682.93,-148125.28,Good,Central
1390,Rajasthan,Kota,2023,Kharif,Soybean,329.43,513.91,1.56,2978.4,27.8,79.6,Black,Tube Well,40210.52,2324.52,Small,No,4,4131.1,5956002.23,2123013.6,-3832988.63,Good,North
1391,Uttar Pradesh,Meerut,2024,Rabi,Wheat,108.06,425.76,3.94,918.1,28.4,81.8,Black,Canal,4774.87,202.52,Small,No,3,2171.08,2600837.5,924359.02,-1676478.48,Excellent,North
1392,West Bengal,Durgapur,2019,Kharif,Bajra,157.73,313.88,1.99,542.6,31.7,75.5,Alluvial,Canal,17833.21,1543.06,Small,No,4,1866.79,2573895.52,585948.05,-1987947.47,Excellent,East
1393,Uttar Pradesh,Kanpur,2021,Kharif,Rice,113.0,268.94,2.38,1208.5,26.4,88.2,Black,Drip,10206.11,932.5,Small,No,3,1571.6,3992477.01,422666.1,-3569810.91,Average,North
1394,Bihar,Darbhanga,2018,Kharif,Soybean,207.0,374.67,1.81,2423.0,39.7,37.4,Red,Rain-fed,23558.38,876.24,Small,No,1,4083.7,4131932.37,1530039.88,-2601892.49,Good,East
1395,Haryana,Rohtak,2020,Kharif,Bajra,306.14,743.92,2.43,2581.0,19.9,44.2,Black,Drip,19106.17,3596.5,Medium,Yes,12,1948.52,5278425.79,1449543.0,-3828882.79,Excellent,North
1396,Karnataka,Mysuru,2025,Rabi,Wheat,184.13,451.12,2.45,2523.2,13.8,62.6,Clay,Drip,17167.59,955.11,Medium,Yes,8,2661.11,4506334.1,1200479.94,-3305854.16,Average,South
1397,Punjab,Jalandhar,2019,Whole Year,Rice,227.65,550.91,2.42,1553.9,39.2,29.9,Black,Tube Well,34737.85,1769.3,Medium,No,10,2169.49,8771543.37,1195193.74,-7576349.63,Good,North
1398,Maharashtra,Aurangabad,2024,Kharif,Jowar,145.44,183.25,1.26,327.6,13.3,80.4,Sandy,Canal,8074.98,1517.89,Large,No,19,1506.8,2884472.86,276121.1,-2608351.76,Poor,West
1399,West Bengal,Howrah,2020,Kharif,Soybean,223.02,229.71,1.03,1004.3,11.3,48.9,Black,Tube Well,32176.8,2166.91,Medium,No,11,3600.09,5260499.39,826976.67,-4433522.72,Average,East
1400,Tamil Nadu,Coimbatore,2019,Kharif,Rice,53.18,167.52,3.15,2740.2,19.5,57.9,Red,Rain-fed,4570.14,624.54,Medium,No,11,2007.95,1358559.03,336371.78,-1022187.25,Good,South
1401,Assam,Jorhat,2022,Whole Year,Sugarcane,2.85,205.46,72.09,409.0,18.0,79.8,Sandy,Sprinkler,149.5,28.43,Small,No,1,363.35,172929.04,74653.89,-98275.15,Good,Northeast
1402,Bihar,Muzaffarpur,2023,Kharif,Cotton,351.71,168.82,0.48,2783.8,23.9,27.0,Black,Canal,15386.16,2416.94,Small,No,4,6573.61,12008642.16,1109756.84,-10898885.32,Good,East
1403,Punjab,Jalandhar,2022,Kharif,Rice,141.17,437.63,3.1,1445.2,20.5,64.9,Clay,Tube Well,21780.16,1058.83,Small,No,4,1508.48,5363419.33,660156.1,-4703263.23,Average,North
1404,Haryana,Karnal,2018,Rabi,Mustard,399.17,363.24,0.91,1510.2,43.5,88.9,Clay,Rain-fed,33469.53,4383.68,Medium,No,4,4532.98,6000576.58,1646559.66,-4354016.92,Poor,North
1405,Haryana,Panipat,2019,Rabi,Barley,416.24,1152.98,2.77,168.5,42.3,41.4,Alluvial,Canal,71707.27,4125.64,Small,No,4,1639.66,7210784.07,1890495.19,-5320288.88,Average,North
1406,Tamil Nadu,Madurai,2024,Rabi,Potato,187.64,3964.83,21.13,415.8,37.2,22.1,Red,Drip,16967.73,2059.46,Large,No,19,1293.75,11991888.04,5129498.81,-6862389.23,Average,South
1407,Gujarat,Vadodara,2023,Kharif,Cotton,359.1,247.78,0.69,1978.0,26.0,28.3,Laterite,Drip,62703.91,3791.95,Medium,No,6,5546.09,15219644.91,1374210.18,-13845434.73,Good,West
1408,Assam,Silchar,2023,Kharif,Tomato,429.05,10837.8,25.26,1903.0,40.3,72.7,Laterite,Tube Well,44386.47,865.56,Medium,No,7,1055.52,22321985.73,11439514.66,-10882471.07,Good,Northeast
1409,Bihar,Muzaffarpur,2024,Kharif,Bajra,215.78,379.77,1.76,393.7,40.5,86.0,Laterite,Tube Well,12416.27,2306.52,Small,Yes,1,1983.22,3360325.17,753167.46,-2607157.71,Good,East
1410,Assam,Dibrugarh,2022,Rabi,Groundnut,200.92,397.82,1.98,1828.3,10.5,95.1,Clay,Sprinkler,18180.59,211.76,Large,No,17,4875.81,4417186.84,1939694.73,-2477492.11,Average,Northeast
1411,Haryana,Sirsa,2024,Kharif,Groundnut,181.7,363.4,2.0,1980.5,21.5,69.7,Red,Rain-fed,32322.19,195.87,Medium,No,5,5500.83,5677705.06,1999001.62,-3678703.44,Excellent,North
1412,Rajasthan,Udaipur,2019,Kharif,Groundnut,423.2,770.22,1.82,2384.6,43.9,79.8,Clay,Tube Well,21780.45,4834.28,Large,Yes,27,6221.65,9690543.49,4792039.26,-4898504.23,Average,North
1413,Telangana,Karimnagar,2018,Zaid,Onion,239.56,5251.16,21.92,313.4,19.2,41.0,Black,Rain-fed,32263.38,2726.98,Small,No,4,2012.9,14006408.49,10570059.96,-3436348.53,Average,South
1414,West Bengal,Siliguri,2019,Rabi,Barley,64.1,194.86,3.04,1686.2,40.8,21.7,Red,Canal,7286.74,757.95,Medium,Yes,10,1801.03,1586313.15,350948.71,-1235364.44,Good,East
1415,Punjab,Amritsar,2021,Rabi,Groundnut,382.52,669.41,1.75,792.3,27.7,45.3,Clay,Tube Well,46953.45,2123.79,Small,No,2,4721.01,12134791.2,3160291.3,-8974499.9,Average,North
1416,West Bengal,Asansol,2021,Rabi,Pulses,488.78,615.86,1.26,532.6,41.0,84.4,Laterite,Canal,31512.96,5263.52,Small,No,5,7114.29,8640019.71,4381406.64,-4258613.07,Average,East
1417,Uttar Pradesh,Kanpur,2023,Rabi,Maize,381.04,1550.83,4.07,907.4,43.7,84.1,Clay,Rain-fed,56144.01,3439.31,Small,Yes,1,1622.47,8045994.88,2516175.15,-5529819.73,Excellent,North
1418,Maharashtra,Pune,2018,Kharif,Soybean,239.97,364.75,1.52,1108.4,33.6,82.5,Black,Rain-fed,33068.84,680.53,Small,No,5,3552.13,6476748.66,1295639.42,-5181109.24,Average,West
1419,West Bengal,Howrah,2018,Rabi,Potato,477.31,11942.3,25.02,437.1,16.3,78.0,Laterite,Rain-fed,67529.07,1613.31,Small,No,1,1228.15,19188532.35,14666935.75,-4521596.6,Good,East
1420,Rajasthan,Bikaner,2025,Kharif,Bajra,361.02,902.55,2.5,667.1,39.1,98.1,Sandy,Sprinkler,53037.35,628.87,Large,No,18,1831.89,4582904.67,1653372.32,-2929532.35,Excellent,North
1421,Haryana,Panipat,2021,Rabi,Groundnut,6.91,12.02,1.74,2887.8,23.8,72.2,Laterite,Canal,376.44,34.64,Medium,No,6,4807.93,141374.72,57791.32,-83583.4,Excellent,North
1422,Punjab,Patiala,2024,Kharif,Cotton,371.81,137.57,0.37,2895.6,32.0,99.5,Sandy,Drip,41486.07,1284.56,Large,No,13,5078.63,15538899.23,698667.13,-14840232.1,Poor,North
1423,Tamil Nadu,Coimbatore,2019,Rabi,Maize,115.53,365.07,3.16,2767.0,29.1,31.9,Black,Rain-fed,6784.25,196.93,Small,Yes,3,1581.73,3421358.8,577442.17,-2843916.63,Good,South
1424,Telangana,Warangal,2025,Rabi,Barley,381.25,903.56,2.37,292.0,31.9,78.5,Alluvial,Sprinkler,20127.11,3356.19,Small,No,1,1516.18,6156514.4,1369959.6,-4786554.8,Average,South
1425,Tamil Nadu,Madurai,2020,Rabi,Maize,438.68,868.59,1.98,708.4,10.4,56.1,Red,Drip,37337.56,1179.59,Medium,No,7,1701.8,12089687.36,1478166.46,-10611520.9,Poor,South
1426,Telangana,Nizamabad,2021,Kharif,Bajra,403.63,1021.18,2.53,2325.8,15.0,96.5,Black,Tube Well,22466.05,2248.61,Small,Yes,4,2151.25,5938387.98,2196813.48,-3741574.5,Good,South
1427,Punjab,Amritsar,2021,Zaid,Tomato,127.87,2660.97,20.81,2834.3,23.6,54.9,Alluvial,Tube Well,13426.74,170.95,Small,No,3,1418.01,6201034.33,3773282.07,-2427752.26,Poor,North
1428,Haryana,Panipat,2024,Whole Year,Sugarcane,290.47,22421.38,77.19,1595.6,30.5,43.7,Black,Sprinkler,11865.69,2904.49,Medium,No,10,341.53,28793999.31,7657573.91,-21136425.4,Good,North
1429,West Bengal,Howrah,2019,Kharif,Soybean,354.47,627.41,1.77,2119.3,14.7,83.5,Sandy,Canal,30276.28,3619.84,Small,No,4,4135.96,6400009.52,2594942.66,-3805066.86,Average,East
1430,West Bengal,Kolkata,2022,Kharif,Bajra,88.0,192.72,2.19,675.6,22.7,81.7,Black,Canal,14788.31,839.45,Medium,No,10,1900.89,1287446.02,366339.52,-921106.5,Good,East
1431,Tamil Nadu,Tiruchirappalli,2020,Kharif,Groundnut,111.3,180.31,1.62,1803.9,43.9,21.6,Alluvial,Tube Well,18333.91,732.63,Medium,No,5,5755.16,2946834.05,1037712.9,-1909121.15,Poor,South
1432,Odisha,Rourkela,2020,Kharif,Maize,184.62,1048.64,5.68,2327.7,33.1,49.2,Red,Canal,15810.47,1795.98,Medium,No,11,1597.56,4892750.62,1675265.32,-3217485.3,Average,East
1433,Haryana,Hisar,2025,Rabi,Barley,10.14,23.83,2.35,1293.9,15.0,89.9,Alluvial,Canal,530.19,53.54,Small,No,3,1983.99,209942.63,47278.48,-162664.15,Poor,North
1434,Punjab,Ludhiana,2023,Rabi,Pulses,91.59,77.85,0.85,2157.0,30.8,50.1,Black,Tube Well,6173.72,553.53,Medium,Yes,12,8088.88,1636449.11,629719.31,-1006729.8,Poor,North
1435,Punjab,Jalandhar,2022,Kharif,Groundnut,370.5,833.62,2.25,1759.5,36.4,58.3,Sandy,Drip,39019.55,2951.93,Large,No,11,5868.55,12168891.53,4892140.65,-7276750.88,Excellent,North
1436,Tamil Nadu,Salem,2023,Rabi,Mustard,257.17,540.06,2.1,1726.4,31.5,51.7,Clay,Canal,29948.41,2426.88,Medium,No,11,4475.11,4224564.33,2416827.91,-1807736.42,Good,South
1437,Assam,Nagaon,2018,Rabi,Pulses,235.66,202.67,0.86,1788.9,31.4,82.6,Clay,Sprinkler,35220.97,1046.09,Medium,No,8,7173.87,3557775.19,1453928.23,-2103846.96,Good,Northeast
1438,Punjab,Jalandhar,2024,Rabi,Barley,372.16,982.5,2.64,2786.1,20.0,38.6,Laterite,Sprinkler,66650.89,818.89,Small,No,3,1624.74,7739956.95,1596307.05,-6143649.9,Poor,North
1439,Madhya Pradesh,Ujjain,2023,Rabi,Pulses,231.57,312.62,1.35,2901.8,22.7,88.4,Laterite,Tube Well,33782.8,2579.98,Small,No,5,5180.11,3883316.22,1619405.99,-2263910.23,Excellent,Central
1440,Odisha,Cuttack,2022,Rabi,Pulses,244.91,220.42,0.9,2988.6,32.8,27.8,Clay,Rain-fed,25763.76,1290.0,Large,No,16,5790.76,3001471.51,1276399.32,-1725072.19,Average,East
1441,Karnataka,Mangaluru,2021,Kharif,Groundnut,75.16,141.3,1.88,1032.5,10.5,92.3,Laterite,Tube Well,9192.19,356.31,Large,No,11,5592.07,1755972.46,790159.49,-965812.97,Average,South
1442,Uttar Pradesh,Agra,2023,Kharif,Cotton,229.84,137.9,0.6,1059.9,14.2,69.8,Red,Sprinkler,28314.67,365.43,Small,Yes,3,6351.61,9330819.76,875887.02,-8454932.74,Good,North
1443,Assam,Guwahati,2021,Rabi,Potato,157.67,3273.23,20.76,2967.0,42.0,31.9,Black,Rain-fed,8813.19,593.82,Small,No,3,1549.61,10057612.79,5072229.94,-4985382.85,Average,Northeast
1444,Bihar,Muzaffarpur,2024,Rabi,Wheat,54.78,258.56,4.72,1831.5,43.5,31.8,Clay,Canal,8654.33,250.57,Small,No,2,1901.32,1242941.16,491605.3,-751335.86,Average,East
1445,Telangana,Warangal,2018,Kharif,Soybean,148.72,266.21,1.79,820.2,10.2,40.5,Alluvial,Sprinkler,22840.27,705.11,Small,Yes,4,4144.97,2243592.95,1103432.46,-1140160.49,Good,South
1446,Bihar,Darbhanga,2022,Rabi,Mustard,116.81,147.18,1.26,2959.9,30.2,68.0,Alluvial,Rain-fed,5250.75,784.38,Medium,No,10,4678.68,2477391.42,688608.12,-1788783.3,Poor,East
1447,Odisha,Cuttack,2024,Rabi,Mustard,92.69,112.15,1.21,1736.3,23.1,47.0,Black,Rain-fed,5059.55,881.1,Small,No,4,4028.51,1966234.93,451797.4,-1514437.53,Poor,East
1448,Telangana,Hyderabad,2020,Kharif,Rice,104.4,303.8,2.91,1873.6,26.0,67.9,Red,Canal,9765.05,940.57,Medium,No,7,2028.44,4317770.15,616240.07,-3701530.08,Average,South
1449,Telangana,Hyderabad,2020,Rabi,Barley,391.82,877.68,2.24,2565.3,17.9,58.4,Red,Drip,66119.7,573.37,Small,No,2,1755.45,8433407.38,1540723.36,-6892684.02,Average,South
1450,Maharashtra,Nagpur,2025,Rabi,Onion,158.46,2662.13,16.8,2232.5,28.7,55.6,Red,Tube Well,27048.25,266.77,Small,No,5,1979.77,8506491.96,5270405.11,-3236086.85,Excellent,West
1451,Haryana,Hisar,2024,Rabi,Barley,450.87,1275.96,2.83,1160.5,30.3,31.0,Alluvial,Rain-fed,43810.71,4639.93,Small,No,1,1823.37,10758283.58,2326547.19,-8431736.39,Poor,North
1452,Karnataka,Mysuru,2022,Rabi,Mustard,89.27,128.55,1.44,1450.8,18.8,59.6,Sandy,Sprinkler,3746.94,92.81,Medium,No,10,4381.7,1667655.3,563267.54,-1104387.76,Poor,South
1453,Punjab,Jalandhar,2019,Rabi,Maize,476.79,1311.17,2.75,1256.8,12.1,67.9,Sandy,Drip,78718.66,4079.98,Small,No,4,1454.29,11502871.42,1906821.42,-9596050.0,Excellent,North
1454,Madhya Pradesh,Gwalior,2019,Kharif,Pulses,17.6,21.12,1.2,1674.0,10.4,36.1,Clay,Rain-fed,1635.39,211.09,Large,No,21,6589.94,236604.76,139179.53,-97425.23,Good,Central
1455,Madhya Pradesh,Indore,2020,Zaid,Onion,67.63,1077.35,15.93,1181.9,34.0,26.7,Laterite,Canal,3507.54,516.91,Large,No,18,1623.01,3250127.84,1748549.82,-1501578.02,Excellent,Central
1456,West Bengal,Kolkata,2025,Whole Year,Rice,243.46,796.11,3.27,214.3,26.4,28.3,Black,Rain-fed,37926.55,399.36,Small,No,5,1905.29,9650800.67,1516820.42,-8133980.25,Good,East
1457,Karnataka,Mysuru,2022,Kharif,Groundnut,335.18,348.59,1.04,201.5,39.0,94.0,Black,Rain-fed,15800.21,726.5,Medium,No,6,4517.73,6945257.6,1574835.5,-5370422.1,Average,South
1458,Maharashtra,Kolhapur,2025,Kharif,Maize,351.96,770.79,2.19,134.7,33.6,69.6,Laterite,Sprinkler,58645.48,3412.64,Small,No,3,1684.0,10613067.18,1298010.36,-9315056.82,Average,West
1459,Andhra Pradesh,Nellore,2022,Whole Year,Sugarcane,173.93,13216.94,75.99,1885.0,36.0,73.5,Red,Canal,13806.44,947.76,Small,No,2,324.08,10709561.48,4283345.92,-6426215.56,Average,South
1460,Telangana,Nizamabad,2019,Rabi,Mustard,119.94,268.67,2.24,2325.3,40.4,83.2,Laterite,Tube Well,17751.42,1025.97,Small,No,4,4920.55,1684915.31,1322004.17,-362911.14,Good,South
1461,Rajasthan,Udaipur,2019,Zaid,Onion,151.29,3549.26,23.46,1610.8,31.5,51.3,Sandy,Canal,11876.95,1130.22,Small,Yes,3,1685.16,8073104.47,5981070.98,-2092033.49,Good,North
1462,Karnataka,Belagavi,2022,Kharif,Soybean,282.9,441.32,1.56,629.7,23.1,39.5,Red,Rain-fed,40491.26,622.97,Large,Yes,11,5088.64,7188163.91,2245718.6,-4942445.31,Average,South
1463,Tamil Nadu,Madurai,2024,Kharif,Pulses,448.64,556.31,1.24,2208.0,30.9,85.5,Black,Drip,40366.48,3295.54,Small,No,1,7046.84,7420325.17,3920227.56,-3500097.61,Average,South
1464,Telangana,Nizamabad,2018,Rabi,Mustard,442.49,734.53,1.66,867.6,22.1,97.4,Laterite,Drip,18235.57,4587.38,Small,No,5,4620.45,10108112.2,3393859.14,-6714253.06,Good,South
1465,Bihar,Darbhanga,2019,Rabi,Potato,484.22,14497.55,29.94,1464.4,33.9,68.7,Sandy,Sprinkler,49661.56,2543.4,Small,No,4,1566.73,26367410.38,22713746.51,-3653663.87,Good,East
1466,Maharashtra,Aurangabad,2020,Rabi,Wheat,215.46,775.66,3.6,1652.5,38.3,47.5,Red,Tube Well,33720.6,644.27,Small,No,4,2171.8,6261708.49,1684578.39,-4577130.1,Good,West
1467,Karnataka,Mangaluru,2025,Kharif,Bajra,147.3,194.44,1.32,1410.6,20.3,25.5,Alluvial,Canal,8274.8,1136.29,Large,No,28,1994.67,2922021.2,387843.63,-2534177.57,Average,South
1468,Assam,Guwahati,2023,Rabi,Barley,91.82,270.87,2.95,285.6,34.4,36.7,Laterite,Drip,10305.01,119.31,Small,No,5,1643.17,1647807.2,445085.46,-1202721.74,Good,Northeast
1469,Gujarat,Rajkot,2024,Rabi,Wheat,490.61,2075.28,4.23,494.7,14.6,93.7,Black,Rain-fed,21562.9,2751.21,Medium,No,9,2380.68,10714179.56,4940577.59,-5773601.97,Excellent,West
1470,West Bengal,Howrah,2025,Kharif,Pulses,121.39,142.03,1.17,2884.6,16.2,90.8,Clay,Rain-fed,6001.13,674.01,Medium,No,11,7180.51,1884147.5,1019847.84,-864299.66,Good,East
1471,Haryana,Karnal,2020,Rabi,Pulses,105.64,116.2,1.1,2557.6,29.5,59.1,Black,Rain-fed,10380.98,476.27,Large,No,26,5828.32,1691655.45,677250.78,-1014404.67,Good,North
1472,Gujarat,Rajkot,2022,Rabi,Wheat,83.46,375.57,4.5,610.5,14.9,95.1,Clay,Tube Well,11574.65,433.45,Medium,No,9,2300.51,2590777.81,864002.54,-1726775.27,Excellent,West
1473,Assam,Nagaon,2022,Kharif,Maize,496.77,2990.56,6.02,1402.1,11.3,32.3,Red,Canal,66457.31,5085.48,Small,No,5,1820.23,12142947.49,5443507.03,-6699440.46,Good,Northeast
1474,Bihar,Gaya,2021,Rabi,Potato,459.06,9002.17,19.61,1206.7,25.3,43.4,Laterite,Rain-fed,53397.68,1146.74,Large,No,20,948.92,20345885.47,8542339.16,-11803546.31,Average,East
1475,Gujarat,Ahmedabad,2021,Kharif,Maize,253.4,1016.13,4.01,756.8,19.4,97.6,Clay,Canal,24564.09,2109.36,Small,No,3,1787.96,7237482.05,1816799.79,-5420682.26,Poor,West
1476,Telangana,Nizamabad,2025,Kharif,Cotton,445.46,311.82,0.7,474.3,38.1,87.1,Laterite,Canal,21306.73,2065.38,Small,No,5,5939.63,14041964.17,1852095.43,-12189868.74,Excellent,South
1477,Karnataka,Mysuru,2020,Rabi,Maize,408.09,2334.27,5.72,165.7,34.8,83.1,Black,Drip,35238.34,1924.25,Large,No,17,1888.66,11892025.45,4408642.38,-7483383.07,Average,South
1478,Karnataka,Bengaluru,2022,Rabi,Wheat,208.37,887.66,4.26,2867.6,22.6,66.7,Clay,Sprinkler,19995.67,1686.58,Small,No,3,2028.07,4205503.72,1800236.62,-2405267.1,Average,South
1479,Maharashtra,Kolhapur,2022,Rabi,Potato,250.23,4093.76,16.36,617.1,39.7,97.2,Red,Sprinkler,29079.43,1159.38,Small,No,4,823.21,14958014.69,3370024.17,-11587990.52,Average,West
1480,Uttar Pradesh,Kanpur,2022,Kharif,Soybean,479.48,484.27,1.01,1296.5,32.3,67.6,Red,Canal,24894.63,5458.69,Small,No,2,4075.92,7372564.13,1973845.78,-5398718.35,Good,North
1481,West Bengal,Asansol,2025,Rabi,Wheat,72.75,221.16,3.04,1694.2,11.9,91.3,Sandy,Canal,3298.97,611.85,Large,No,16,1924.02,1821926.51,425516.26,-1396410.25,Poor,East
1482,Rajasthan,Udaipur,2025,Kharif,Rice,318.31,757.58,2.38,2324.1,12.5,45.5,Laterite,Sprinkler,39833.76,2629.42,Small,No,5,1967.45,9840968.22,1490500.77,-8350467.45,Poor,North
1483,Rajasthan,Bikaner,2023,Rabi,Barley,488.16,1054.43,2.16,2700.0,18.4,70.3,Red,Tube Well,68054.53,933.74,Small,No,3,1948.79,10051950.41,2054862.64,-7997087.77,Average,North
1484,Uttar Pradesh,Meerut,2020,Rabi,Potato,72.56,2388.68,32.92,2693.2,37.1,71.6,Sandy,Drip,10773.56,131.87,Medium,Yes,5,1535.49,3103822.29,3667794.25,563971.96,Good,North
1485,Rajasthan,Udaipur,2022,Rabi,Potato,160.52,2516.95,15.68,2389.5,33.3,57.9,Laterite,Tube Well,26235.25,978.45,Small,No,5,913.2,11000779.53,2298478.74,-8702300.79,Good,North
1486,West Bengal,Durgapur,2021,Kharif,Maize,393.1,1261.85,3.21,2974.7,10.3,76.2,Sandy,Drip,70684.71,2280.6,Small,No,1,1645.52,7572504.86,2076399.41,-5496105.45,Poor,East
1487,Haryana,Sirsa,2018,Kharif,Soybean,177.44,308.75,1.74,277.3,10.9,94.0,Laterite,Tube Well,29780.42,350.26,Medium,No,6,3824.92,3599596.08,1180944.05,-2418652.03,Excellent,North
1488,Assam,Nagaon,2019,Rabi,Onion,102.77,2370.9,23.07,2934.4,19.2,60.2,Alluvial,Rain-fed,5098.63,345.07,Medium,No,6,2060.24,4695353.11,4884623.02,189269.91,Excellent,Northeast
1489,Uttar Pradesh,Agra,2021,Whole Year,Sugarcane,58.87,2912.89,49.48,579.7,13.0,75.7,Red,Tube Well,3043.67,203.79,Small,No,3,336.05,3915469.97,978876.68,-2936593.29,Average,North
1490,Andhra Pradesh,Vijayawada,2019,Rabi,Barley,339.04,810.31,2.39,645.9,38.9,28.6,Sandy,Tube Well,15275.12,913.67,Medium,No,10,1982.11,7550624.41,1606123.55,-5944500.86,Average,South
1491,Haryana,Panipat,2020,Kharif,Cotton,440.62,251.15,0.57,2975.9,44.1,76.9,Clay,Canal,73838.97,852.97,Large,No,27,6803.83,14234688.63,1708781.9,-12525906.73,Excellent,North
1492,Tamil Nadu,Salem,2022,Whole Year,Rice,406.76,907.07,2.23,697.2,15.6,81.1,Red,Sprinkler,70522.4,1585.74,Small,Yes,4,1909.21,14031180.16,1731787.11,-12299393.05,Average,South
1493,Punjab,Jalandhar,2025,Kharif,Soybean,179.69,309.07,1.72,755.7,38.9,80.5,Red,Canal,17108.71,1830.63,Medium,No,12,4228.09,2912179.42,1306775.78,-1605403.64,Poor,North
1494,Telangana,Hyderabad,2023,Zaid,Onion,488.3,13599.16,27.85,2303.1,30.1,50.3,Red,Canal,48553.42,5159.43,Small,No,5,1265.22,28248122.91,17205929.22,-11042193.69,Average,South
1495,Gujarat,Vadodara,2021,Zaid,Tomato,493.42,13559.18,27.48,271.9,27.3,79.4,Alluvial,Tube Well,76297.98,4734.3,Medium,No,5,1056.65,23042450.46,14327307.55,-8715142.91,Good,West
1496,Madhya Pradesh,Bhopal,2021,Whole Year,Sugarcane,422.35,31857.86,75.43,2679.7,37.2,43.5,Clay,Tube Well,57899.34,2987.14,Medium,No,7,326.81,35473660.77,10411467.23,-25062193.54,Excellent,Central
1497,Andhra Pradesh,Nellore,2020,Rabi,Maize,456.75,1256.06,2.75,1184.1,43.1,79.4,Alluvial,Sprinkler,82146.97,1022.33,Medium,Yes,10,2198.5,14100206.25,2761447.91,-11338758.34,Average,South
1498,Uttar Pradesh,Kanpur,2024,Kharif,Bajra,274.35,436.22,1.59,1731.5,32.2,31.6,Red,Tube Well,11626.72,1053.25,Small,No,3,1711.33,3877375.42,746516.37,-3130859.05,Poor,North
1499,Maharashtra,Kolhapur,2024,Rabi,Potato,471.92,9169.41,19.43,1524.2,13.1,23.1,Red,Canal,49094.58,2263.93,Small,No,4,829.85,22559872.79,7609234.89,-14950637.9,Average,West
1500,Punjab,Bathinda,2019,Rabi,Wheat,127.28,390.75,3.07,1677.7,34.7,76.9,Clay,Rain-fed,20979.38,229.05,Small,Yes,3,2146.25,2999783.24,838647.19,-2161136.05,Average,North
1501,Haryana,Sirsa,2020,Kharif,Groundnut,391.56,771.37,1.97,881.9,44.0,92.8,Red,Rain-fed,43114.15,1454.56,Small,No,2,5249.75,8356897.8,4049499.66,-4307398.14,Good,North
1502,Punjab,Amritsar,2022,Rabi,Mustard,316.31,594.66,1.88,2558.0,22.4,52.8,Laterite,Canal,13045.05,3769.54,Large,Yes,23,5142.24,5998955.27,3057884.44,-2941070.83,Excellent,North
1503,Madhya Pradesh,Ujjain,2024,Zaid,Onion,453.64,10048.13,22.15,1989.7,35.4,81.3,Clay,Drip,42951.11,3100.24,Small,No,1,2124.99,19561457.0,21352175.77,1790718.77,Good,Central
1504,Karnataka,Bengaluru,2021,Whole Year,Sugarcane,390.67,23358.16,59.79,2080.6,41.7,22.7,Black,Canal,25962.61,3843.73,Medium,No,4,304.05,36195520.67,7102048.55,-29093472.12,Average,South
1505,Tamil Nadu,Madurai,2021,Kharif,Tomato,406.66,10406.43,25.59,600.9,27.0,65.6,Clay,Tube Well,35360.62,3581.89,Small,No,3,1031.61,27025397.35,10735377.25,-16290020.1,Average,South
1506,Andhra Pradesh,Guntur,2022,Kharif,Maize,490.5,1932.57,3.94,2116.4,43.9,87.6,Red,Rain-fed,43159.73,3190.89,Large,Yes,12,1924.41,10689284.82,3719057.03,-6970227.79,Good,South
1507,Telangana,Nizamabad,2023,Rabi,Barley,117.88,399.61,3.39,2163.6,29.3,85.9,Laterite,Sprinkler,19723.98,784.88,Small,Yes,1,1738.68,2316487.35,694793.91,-1621693.44,Average,South
1508,Haryana,Hisar,2022,Kharif,Pulses,224.79,323.7,1.44,794.3,40.0,89.9,Sandy,Sprinkler,26597.43,446.99,Large,No,30,6764.03,4129616.66,2189516.51,-1940100.15,Average,North
1509,Madhya Pradesh,Jabalpur,2023,Rabi,Onion,393.8,10368.75,26.33,685.8,17.5,33.5,Sandy,Rain-fed,55057.91,4116.75,Medium,No,12,1062.1,15831928.38,11012649.37,-4819279.01,Average,Central
1510,Gujarat,Rajkot,2024,Whole Year,Sugarcane,475.34,39586.32,83.28,1090.8,29.6,90.7,Clay,Canal,74633.54,4999.79,Large,No,26,359.04,33798484.66,14213072.33,-19585412.33,Average,West
1511,Assam,Guwahati,2025,Rabi,Potato,58.88,926.77,15.74,2805.8,19.0,50.5,Clay,Canal,10333.27,706.14,Large,No,28,1165.98,3768751.74,1080595.28,-2688156.46,Good,Northeast
1512,Bihar,Bhagalpur,2025,Kharif,Cotton,485.06,242.53,0.5,2192.7,26.9,43.4,Clay,Rain-fed,50537.8,786.56,Medium,No,6,5681.27,16644614.03,1377878.41,-15266735.62,Poor,East
1513,Uttar Pradesh,Lucknow,2018,Kharif,Jowar,377.72,589.24,1.56,1798.1,31.5,73.3,Laterite,Canal,22956.45,2165.91,Large,No,27,2194.93,6908290.1,1293340.55,-5614949.55,Good,North
1514,Rajasthan,Udaipur,2019,Rabi,Groundnut,201.85,397.64,1.97,2927.8,36.9,20.1,Black,Drip,27371.1,1856.06,Small,No,5,5764.17,4101112.54,2292064.56,-1809047.98,Excellent,North
1515,Madhya Pradesh,Gwalior,2018,Rabi,Jowar,459.61,689.41,1.5,2442.0,30.3,33.1,Laterite,Canal,55102.4,4955.66,Small,No,3,1915.71,7686455.74,1320709.63,-6365746.11,Average,Central
1516,Karnataka,Belagavi,2025,Kharif,Tomato,467.0,10526.18,22.54,271.9,26.6,42.9,Alluvial,Sprinkler,44502.98,2735.71,Small,No,3,816.76,30790662.51,8597362.78,-22193299.73,Good,South
1517,Haryana,Panipat,2022,Kharif,Bajra,289.12,584.02,2.02,217.0,20.8,81.2,Red,Canal,19089.54,3389.83,Small,No,2,1435.01,3252621.21,838074.54,-2414546.67,Average,North
1518,Telangana,Nizamabad,2023,Rabi,Maize,476.27,890.62,1.87,2740.5,36.6,99.9,Laterite,Sprinkler,70763.4,681.75,Small,No,4,1608.96,9550608.75,1432971.96,-8117636.79,Good,South
1519,Karnataka,Hubballi,2025,Kharif,Soybean,63.45,83.75,1.32,2304.2,30.1,98.7,Black,Sprinkler,10004.72,677.47,Small,No,4,4100.48,1124033.14,343415.2,-780617.94,Good,South
1520,Gujarat,Surat,2021,Whole Year,Sugarcane,75.57,6799.03,89.97,562.1,43.1,61.6,Laterite,Drip,12493.94,767.93,Medium,No,6,298.62,6804066.48,2030326.34,-4773740.14,Excellent,West
1521,Punjab,Amritsar,2021,Rabi,Potato,412.45,11350.62,27.52,254.3,29.0,66.7,Red,Drip,30990.53,4478.08,Small,No,3,958.01,19383767.06,10874007.47,-8509759.59,Good,North
1522,Telangana,Hyderabad,2021,Rabi,Jowar,184.2,412.61,2.24,470.9,32.6,91.3,Clay,Canal,14314.83,628.18,Small,No,3,2026.92,3107607.39,836327.46,-2271279.93,Excellent,South
1523,Gujarat,Bhavnagar,2024,Kharif,Jowar,446.93,625.7,1.4,1171.6,34.7,44.6,Clay,Drip,23875.12,2853.27,Medium,No,11,1934.51,5172508.42,1210422.91,-3962085.51,Average,West
1524,Rajasthan,Jodhpur,2020,Kharif,Pulses,99.91,167.85,1.68,1343.2,28.5,69.3,Alluvial,Drip,11356.19,711.06,Medium,No,7,6508.08,1811976.89,1092381.23,-719595.66,Good,North
1525,Assam,Nagaon,2021,Rabi,Pulses,41.07,32.03,0.78,374.3,27.8,80.6,Clay,Rain-fed,7185.33,401.52,Medium,No,4,5319.42,497638.34,170381.02,-327257.32,Average,Northeast
1526,Assam,Nagaon,2024,Rabi,Pulses,202.23,297.28,1.47,1533.2,26.5,89.7,Sandy,Tube Well,27300.16,1155.58,Small,No,5,5222.57,3904481.22,1552565.61,-2351915.61,Excellent,Northeast
1527,Rajasthan,Jodhpur,2022,Rabi,Maize,191.19,537.24,2.81,1741.3,24.0,92.6,Laterite,Sprinkler,13158.8,1614.28,Small,No,3,1669.05,5895793.66,896680.42,-4999113.24,Average,North
1528,Madhya Pradesh,Ujjain,2023,Kharif,Soybean,207.96,366.01,1.76,1167.2,12.6,24.7,Laterite,Drip,9230.01,550.22,Large,Yes,14,5248.7,5660710.76,1921076.69,-3739634.07,Good,Central
1529,Gujarat,Surat,2020,Kharif,Soybean,328.75,604.9,1.84,2497.8,16.0,78.4,Alluvial,Tube Well,33954.11,2369.33,Medium,Yes,10,3747.67,5460521.34,2266965.58,-3193555.76,Good,West
1530,Maharashtra,Kolhapur,2024,Kharif,Groundnut,374.15,781.97,2.09,547.3,20.8,93.9,Laterite,Tube Well,61405.33,2958.57,Small,No,3,5421.06,11019283.93,4239106.29,-6780177.64,Good,West
1531,Karnataka,Hubballi,2018,Rabi,Onion,300.14,7176.35,23.91,948.6,42.8,76.6,Clay,Sprinkler,38835.14,2146.45,Small,No,4,1958.99,15875698.43,14058397.89,-1817300.54,Excellent,South
1532,Andhra Pradesh,Guntur,2022,Rabi,Mustard,396.59,824.91,2.08,1664.7,36.9,90.6,Clay,Sprinkler,23124.18,4512.1,Small,No,4,4413.72,9468055.26,3640921.77,-5827133.49,Good,South
1533,Karnataka,Mangaluru,2022,Rabi,Potato,221.83,6575.04,29.64,1665.3,18.3,55.6,Red,Sprinkler,19890.7,1701.11,Small,No,2,1202.69,11502360.43,7907734.86,-3594625.57,Good,South
1534,Punjab,Amritsar,2021,Whole Year,Rice,140.93,673.65,4.78,579.7,42.6,43.9,Red,Sprinkler,10592.15,769.86,Small,No,2,2074.17,5456892.05,1397264.62,-4059627.43,Excellent,North
1535,Odisha,Cuttack,2025,Rabi,Wheat,261.04,733.52,2.81,1000.0,31.8,50.5,Black,Sprinkler,31908.69,429.3,Small,No,3,2075.73,8672739.58,1522589.47,-7150150.11,Average,East
1536,Telangana,Hyderabad,2024,Rabi,Wheat,89.53,255.16,2.85,2288.2,35.4,85.3,Laterite,Sprinkler,15852.61,632.42,Small,No,1,2183.08,3245725.25,557034.69,-2688690.56,Good,South
1537,Bihar,Bhagalpur,2019,Kharif,Soybean,108.21,209.93,1.94,1306.4,35.0,52.1,Black,Drip,12139.81,483.94,Small,No,2,4086.12,2728001.9,857799.17,-1870202.73,Excellent,East
1538,Bihar,Darbhanga,2018,Rabi,Wheat,35.22,170.11,4.83,2582.8,13.3,63.4,Alluvial,Tube Well,1679.0,324.88,Medium,Yes,8,2606.43,777898.64,443379.81,-334518.83,Average,East
1539,Telangana,Nizamabad,2018,Rabi,Mustard,168.69,288.46,1.71,2245.1,30.8,86.7,Sandy,Rain-fed,19317.65,319.89,Small,No,1,4579.63,3266290.39,1321040.07,-1945250.32,Good,South
1540,Andhra Pradesh,Visakhapatnam,2021,Rabi,Potato,375.86,11828.31,31.47,2730.8,43.4,87.8,Alluvial,Canal,40839.22,4145.57,Small,No,2,1570.27,17515112.55,18573640.34,1058527.79,Good,South
1541,Haryana,Hisar,2022,Rabi,Barley,82.43,208.55,2.53,2831.8,37.0,41.2,Clay,Canal,14187.33,832.15,Small,No,4,1748.01,1666858.49,364547.49,-1302311.0,Average,North
1542,Uttar Pradesh,Agra,2022,Kharif,Jowar,194.94,304.11,1.56,2699.3,44.4,92.4,Clay,Drip,27469.79,1588.05,Large,No,28,2197.65,2671844.34,668327.34,-2003517.0,Excellent,North
1543,Rajasthan,Udaipur,2019,Kharif,Maize,59.82,287.73,4.81,284.1,12.9,29.7,Clay,Drip,9624.27,527.31,Medium,No,7,1417.4,1229273.18,407828.5,-821444.68,Excellent,North
1544,Odisha,Puri,2025,Rabi,Barley,30.72,77.72,2.53,2393.1,38.6,47.3,Laterite,Tube Well,4059.18,201.33,Medium,No,5,1922.91,731588.55,149448.57,-582139.98,Poor,East
1545,Telangana,Hyderabad,2024,Zaid,Tomato,483.48,11042.68,22.84,358.3,14.9,23.9,Red,Rain-fed,19737.59,1134.7,Medium,No,12,1699.28,26040735.99,18764605.27,-7276130.72,Poor,South
1546,Bihar,Muzaffarpur,2018,Rabi,Mustard,346.2,380.82,1.1,210.6,37.1,87.3,Alluvial,Rain-fed,41180.22,1350.09,Medium,No,10,4013.87,7201321.83,1528561.97,-5672759.86,Poor,East
1547,Rajasthan,Bikaner,2018,Kharif,Groundnut,346.46,516.23,1.49,1353.4,29.5,74.7,Clay,Tube Well,58218.22,1674.18,Medium,No,6,5412.58,8354084.01,2794136.17,-5559947.84,Average,North
1548,Telangana,Khammam,2018,Whole Year,Sugarcane,227.7,19616.35,86.15,2732.3,16.3,87.8,Clay,Tube Well,18277.86,1245.2,Small,Yes,5,392.76,14533874.39,7704517.63,-6829356.76,Average,South
1549,Maharashtra,Aurangabad,2020,Rabi,Jowar,62.61,125.22,2.0,1188.4,28.2,66.6,Black,Drip,10972.54,725.1,Small,No,4,2170.12,679194.75,271742.43,-407452.32,Good,West
1550,Gujarat,Surat,2024,Kharif,Groundnut,384.23,645.51,1.68,883.2,42.9,90.1,Sandy,Rain-fed,41357.12,578.54,Small,No,4,5619.02,12419389.74,3627133.6,-8792256.14,Good,West
1551,Uttar Pradesh,Lucknow,2023,Kharif,Tomato,475.97,13103.45,27.53,527.8,15.2,34.3,Red,Sprinkler,29125.56,4810.08,Small,Yes,5,1360.23,35373614.46,17823705.79,-17549908.67,Good,North
1552,Gujarat,Ahmedabad,2025,Kharif,Maize,181.62,639.3,3.52,535.6,31.9,92.7,Red,Sprinkler,12330.28,356.74,Medium,No,9,1851.13,3311516.65,1183427.41,-2128089.24,Average,West
1553,Odisha,Puri,2021,Whole Year,Sugarcane,121.86,8671.56,71.16,458.4,31.2,90.7,Sandy,Sprinkler,20508.84,1313.67,Small,Yes,3,436.95,7677691.01,3789038.14,-3888652.87,Average,East
1554,Bihar,Darbhanga,2025,Kharif,Jowar,133.35,300.04,2.25,2074.7,32.2,90.1,Laterite,Tube Well,19560.88,355.04,Large,Yes,14,1682.03,2574401.88,504676.28,-2069725.6,Excellent,East
1555,Haryana,Hisar,2025,Rabi,Barley,251.62,905.83,3.6,2431.7,29.8,32.0,Alluvial,Drip,44355.42,1203.21,Small,No,4,1905.38,5483511.1,1725950.37,-3757560.73,Excellent,North
